,Uid,InSLR2050
0,-156.02529_19.66875,True
1,-156.02297_19.66819,True
2,-156.05463_19.72260,True
3,-156.05757_19.72828,True
4,-156.05447_19.73736,True
5,-155.93135_19.85247,True
6,-155.92693_19.85305,True
7,-155.08789_19.72959,True
8,-155.06349_19.70977,True
9,-155.07937_19.71591,True
10,-155.06457_19.71332,True
11,-155.06218_19.70770,True
12,-155.06470_19.71361,True
13,-155.06354_19.70553,True
14,-155.06354_19.70620,True
15,-155.06382_19.70786,True
16,-155.06321_19.70977,True
17,-155.08023_19.71487,True
18,-155.06055_19.70734,True
19,-155.06471_19.71456,True
20,-155.06676_19.70673,True
21,-155.07950_19.71603,True
22,-155.06469_19.70855,True
23,-155.07351_19.71146,True
24,-155.0668_19.71018,True
25,-155.06883_19.70812,True
26,-155.06144_19.71012,True
27,-155.06380_19.71361,True
28,-155.06075_19.70851,True
29,-155.06469_19.70786,True
30,-155.08000_19.71501,True
31,-155.06383_19.70991,True
32,-155.08006_19.71602,True
33,-155.07623_19.71351,True
34,-155.04172_19.72486,True
35,-155.01942_19.73113,True
36,-155.03803_19.72756,True
37,-155.03781_19.72767,True
38,-155.03759_19.72777,True
39,-155.03809_19.72835,True
40,-155.03836_19.72823,True
41,-155.04093_19.72845,True
42,-155.03940_19.73001,True
43,-155.04126_19.73574,True
44,-155.04226_19.73541,True
45,-155.04042_19.72636,True
46,-155.03990_19.72662,True
47,-155.06253_19.71851,True
48,-155.04917_19.72365,True
49,-155.04117_19.72447,True
50,-155.03847_19.72583,True
51,-155.04082_19.72699,True
52,-155.03572_19.72417,True
53,-155.03566_19.72502,True
54,-155.03629_19.72472,True
55,-155.03679_19.72666,True
56,-155.03795_19.72693,True
57,-155.04056_19.73160,True
58,-155.04980_19.72423,True
59,-155.04146_19.73114,True
60,-155.04224_19.73075,True
61,-155.04042_19.72754,True
62,-155.04565_19.72372,True
63,-155.03624_19.72391,True
64,-155.04783_19.72799,True
65,-155.04005_19.73185,True
66,-155.01226_19.73399,True
67,-155.03966_19.73058,True
68,-155.06532_19.72224,True
69,-155.06470_19.71887,True
70,-155.03745_19.73669,True
71,-155.08061_19.71740,True
72,-155.04807_19.72494,True
73,-155.04826_19.72469,True
74,-155.04326_19.72493,True
75,-155.04450_19.72431,True
76,-155.04481_19.72416,True
77,-155.04301_19.73416,True
78,-155.05551_19.72539,True
79,-155.03695_19.72523,True
80,-155.04392_19.72611,True
81,-155.03787_19.73674,True
82,-155.04495_19.72821,True
83,-155.03702_19.72588,True
84,-155.03817_19.72530,True
85,-155.04633_19.72493,True
86,-155.05027_19.72388,True
87,-155.04603_19.72507,True
88,-155.82846_20.03815,True
89,-155.05734_19.72797,True
90,-155.04507_19.72932,True
91,-155.04707_19.72824,True
92,-155.03982_19.73262,True
93,-155.03979_19.73198,True
94,-155.04818_19.72701,True
95,-155.03658_19.72525,True
96,-155.04161_19.72811,True
97,-155.09284_19.75656,True
98,-155.09113_19.75537,True
99,-155.82791_19.98192,True
100,-155.82863_19.97968,True
101,-155.82887_19.97915,True
102,-155.83604_19.97210,True
103,-155.83801_19.97246,True
104,-155.84479_19.96883,True
105,-155.84173_19.97142,True
106,-155.84206_19.97052,True
107,-155.84243_19.97013,True
108,-155.84010_19.97177,True
109,-155.84032_19.97163,True
110,-155.84149_19.97159,True
111,-155.84117_19.97182,True
112,-155.85453_19.96463,True
113,-155.85425_19.96412,True
114,-155.84010_19.97252,True
115,-155.82960_19.97862,True
116,-155.84532_19.96789,True
117,-155.85710_19.96049,True
118,-155.85116_19.96706,True
119,-155.24731_19.99446,True
120,-155.24146_19.99264,True
121,-155.82212_20.02368,True
122,-155.82959_20.03853,True
123,-155.82999_20.03892,True
124,-155.82418_20.03303,True
125,-156.02140_19.67009,True
126,-155.06185_19.71577,True
127,-155.82757_20.03704,True
128,-155.06395_19.71439,True
129,-155.84727_19.96714,True
130,-155.84303_19.96945,True
131,-155.84378_19.96887,True
132,-155.84402_19.96872,True
133,-155.84426_19.96857,True
134,-155.85014_19.96754,True
135,-155.85177_19.96665,True
136,-155.85201_19.96649,True
137,-155.84841_19.96709,True
138,-155.84915_19.96706,True
139,-155.85171_19.96607,True
140,-155.85541_19.96224,True
141,-155.85467_19.96343,True
142,-155.85572_19.96273,True
143,-155.85621_19.96096,True
144,-155.85635_19.96072,True
145,-155.85681_19.95997,True
146,-155.85727_19.96022,True
147,-155.99796_19.81667,True
148,-155.99113_19.82785,True
149,-155.85873_19.95646,True
150,-155.85708_19.95953,True
151,-155.85742_19.95998,True
152,-155.85755_19.95972,True
153,-155.85766_19.95943,True
154,-156.05453_19.72260,True
155,-155.06045_19.70734,True
156,-155.06065_19.70851,True
157,-155.06459_19.70786,True
158,-155.04216_19.73541,True
159,-155.03669_19.72666,True
160,-155.82853_19.97968,True
161,-155.84000_19.97177,True
162,-155.85106_19.96706,True
163,-155.82202_20.02368,True
164,-155.82989_20.03892,True
165,-155.06175_19.71577,True
166,-155.84416_19.96857,True
167,-155.99786_19.81667,True
168,-155.99103_19.82785,True
169,-156.02287_19.66819,True
170,-156.02307_19.66819,True
171,-155.06344_19.70620,True
172,-155.06364_19.70620,True
173,-155.06206_19.70615,True
174,-156.05437_19.73736,True
175,-156.05457_19.73736,True
176,-156.05447_19.73746,True
177,-156.05447_19.73726,True
178,-156.05437_19.73746,True
179,-156.05437_19.73726,True
180,-156.05457_19.73746,True
181,-156.05457_19.73726,True
182,-156.05427_19.73736,True
183,-156.05467_19.73736,True
184,-156.05447_19.73756,True
185,-156.05447_19.73716,True
186,-156.05427_19.73756,True
187,-155.89958_19.20908,True
188,-155.53282_19.10450,True
189,-155.90750_19.18222,True
190,-155.90064_19.20845,True
191,-155.92529_19.45954,True
192,-155.50544_19.13356,True
193,-155.91803_19.47263,True
194,-155.91948_19.47456,True
195,-155.91939_19.47425,True
196,-155.92092_19.47067,True
197,-155.92095_19.46995,True
198,-155.91942_19.47111,True
199,-155.92075_19.46998,True
200,-155.92043_19.47061,True
201,-155.90041_19.38426,True
202,-155.89562_19.37187,True
203,-155.92111_19.46894,True
204,-155.91868_19.47315,True
205,-155.91881_19.47339,True
206,-155.92483_19.46046,True
207,-155.91840_19.47231,True
208,-155.92378_19.46192,True
209,-155.92422_19.45945,True
210,-155.95565_19.52720,True
211,-155.96505_19.56277,True
212,-155.96747_19.58197,True
213,-155.97222_19.59553,True
214,-155.97017_19.58559,True
215,-155.97041_19.58578,True
216,-155.97871_19.61058,True
217,-155.98200_19.61194,True
218,-154.93135_19.39035,True
219,-154.88183_19.42541,True
220,-154.84164_19.45989,True
221,-154.84975_19.45039,True
222,-154.81855_19.49351,True
223,-154.82222_19.49415,True
224,-154.82017_19.49244,True
225,-154.82035_19.49249,True
226,-154.82053_19.49254,True
227,-154.82071_19.49260,True
228,-154.82101_19.49262,True
229,-154.82041_19.49188,True
230,-154.82066_19.49190,True
231,-154.82030_19.49110,True
232,-154.81669_19.50264,True
233,-154.81979_19.49399,True
234,-154.81997_19.49404,True
235,-154.81947_19.49219,True
236,-154.81919_19.49305,True
237,-154.81889_19.49373,True
238,-154.81925_19.49383,True
239,-154.82007_19.49588,True
240,-154.81699_19.50356,True
241,-154.81677_19.50390,True
242,-154.81681_19.50618,True
243,-154.82242_19.48888,True
244,-154.81820_19.50144,True
245,-154.81862_19.50212,True
246,-154.81947_19.49557,True
247,-154.81788_19.49469,True
248,-154.81989_19.49535,True
249,-154.82083_19.49819,True
250,-154.82170_19.49095,True
251,-154.81518_19.50347,True
252,-154.82015_19.49004,True
253,-154.81823_19.50315,True
254,-154.81771_19.50354,True
255,-154.82062_19.49051,True
256,-154.81665_19.50632,True
257,-154.81942_19.49510,True
258,-154.82061_19.49987,True
259,-154.81827_19.50232,True
260,-154.81810_19.50191,True
261,-154.81844_19.49552,True
262,-154.81821_19.49547,True
263,-154.81800_19.49538,True
264,-154.81748_19.49539,True
265,-154.81728_19.49533,True
266,-154.82034_19.49414,True
267,-154.82067_19.49358,True
268,-154.81894_19.50142,True
269,-154.81923_19.50128,True
270,-154.81852_19.50125,True
271,-154.81570_19.50354,True
272,-154.82225_19.49361,True
273,-154.81574_19.50415,True
274,-154.81603_19.50382,True
275,-154.82147_19.49185,True
276,-154.81899_19.50088,True
277,-154.81922_19.49926,True
278,-154.82176_19.49153,True
279,-154.82091_19.49188,True
280,-154.82084_19.49305,True
281,-154.82092_19.49283,True
282,-154.82061_19.49292,True
283,-154.81948_19.49331,True
284,-154.81959_19.49297,True
285,-154.81970_19.49263,True
286,-154.81981_19.49229,True
287,-154.81986_19.49212,True
288,-154.81992_19.49194,True
289,-154.81997_19.49177,True
290,-154.81999_19.50081,True
291,-154.82055_19.50056,True
292,-154.81952_19.50153,True
293,-154.81900_19.50168,True
294,-154.82129_19.49218,True
295,-154.82118_19.49234,True
296,-154.82189_19.49210,True
297,-154.82168_19.49245,True
298,-154.82159_19.49260,True
299,-154.82130_19.49316,True
300,-154.82109_19.49376,True
301,-154.81745_19.50128,True
302,-154.81752_19.50171,True
303,-154.81602_19.50298,True
304,-154.81651_19.50227,True
305,-154.81631_19.50339,True
306,-154.82038_19.50066,True
307,-154.82090_19.50033,True
308,-154.82110_19.50061,True
309,-154.82075_19.50084,True
310,-154.82040_19.50105,True
311,-154.82021_19.50112,True
312,-154.82004_19.50122,True
313,-154.81983_19.50038,True
314,-154.82037_19.49368,True
315,-154.82019_19.49362,True
316,-154.82000_19.49357,True
317,-154.81993_19.49320,True
318,-154.82011_19.49325,True
319,-154.82029_19.49330,True
320,-154.82047_19.49335,True
321,-154.81574_19.50250,True
322,-154.81557_19.50290,True
323,-154.82236_19.49300,True
324,-154.89170_19.56322,True
325,-154.89184_19.56333,True
326,-154.89199_19.56341,True
327,-154.89218_19.56347,True
328,-154.93525_19.59538,True
329,-154.93233_19.59413,True
330,-154.93213_19.59397,True
331,-154.93802_19.59766,True
332,-154.93826_19.59777,True
333,-154.93888_19.59807,True
334,-154.92746_19.58958,True
335,-154.93261_19.59340,True
336,-155.98627_19.61822,True
337,-155.91835_19.47203,True
338,-154.81901_19.49206,True
339,-154.81891_19.49240,True
340,-154.81932_19.49109,True
341,-154.82082_19.48860,True
342,-154.82263_19.48984,True
343,-154.82269_19.48964,True
344,-154.96256_19.36312,True
345,-154.96286_19.36288,True
346,-154.81742_19.50171,True
347,-154.81621_19.50339,True
348,-154.81973_19.50038,True
349,-159.33499_22.05483,True
350,-159.33575_22.05437,True
351,-159.33549_22.05453,True
352,-159.33524_22.05467,True
353,-159.33479_22.05499,True
354,-159.33497_22.05526,True
355,-159.33523_22.05516,True
356,-159.54525_22.22066,True
357,-159.42997_22.21426,True
358,-159.38456_22.06385,True
359,-159.38376_22.06305,True
360,-159.49555_22.21149,True
361,-159.50211_22.20279,True
362,-159.50189_22.20302,True
363,-159.49347_22.20350,True
364,-159.49646_22.20556,True
365,-159.32145_22.06058,True
366,-159.50568_22.20036,True
367,-159.50447_22.20020,True
368,-159.50459_22.20056,True
369,-159.49909_22.20509,True
370,-159.49965_22.20224,True
371,-159.50320_22.20228,True
372,-159.49484_22.21291,True
373,-159.32398_22.10324,True
374,-159.49590_22.21252,True
375,-159.49811_22.20475,True
376,-159.49781_22.20491,True
377,-159.49685_22.20528,True
378,-159.54408_22.21768,True
379,-159.54715_22.22223,True
380,-159.54817_22.22203,True
381,-159.33551_22.05500,True
382,-159.33515_22.05389,True
383,-159.54858_22.22269,True
384,-159.32992_22.05420,True
385,-159.31810_22.06507,True
386,-159.31816_22.06487,True
387,-159.31801_22.06757,True
388,-159.31811_22.06993,True
389,-159.32064_22.07468,True
390,-159.31540_22.08257,True
391,-159.31992_22.08606,True
392,-159.30947_22.14347,True
393,-159.30434_22.14599,True
394,-159.30722_22.14427,True
395,-159.30466_22.14401,True
396,-159.30468_22.14475,True
397,-159.30681_22.15265,True
398,-159.29934_22.14619,True
399,-159.31083_22.16037,True
400,-159.30891_22.15962,True
401,-159.33439_22.18831,True
402,-159.33391_22.19198,True
403,-159.33418_22.19381,True
404,-159.50240_22.20135,True
405,-159.50259_22.20252,True
406,-159.56125_22.22290,True
407,-159.49536_22.21305,True
408,-159.43127_22.21227,True
409,-159.44454_22.22353,True
410,-159.49519_22.20403,True
411,-159.49259_22.20376,True
412,-159.49698_22.21277,True
413,-159.49682_22.20931,True
414,-159.49690_22.20906,True
415,-159.49619_22.20464,True
416,-159.49949_22.20303,True
417,-159.49652_22.20705,True
418,-159.49596_22.20653,True
419,-159.49213_22.20483,True
420,-159.49358_22.20400,True
421,-159.51685_22.20307,True
422,-159.49526_22.20438,True
423,-159.55544_22.19795,True
424,-159.54747_22.20841,True
425,-159.54310_22.21081,True
426,-159.54404_22.21090,True
427,-159.54698_22.22271,True
428,-159.54574_22.22263,True
429,-159.54939_22.22169,True
430,-159.55280_22.22272,True
431,-159.55209_22.22361,True
432,-159.55011_22.22383,True
433,-159.55049_22.22390,True
434,-159.55575_22.22282,True
435,-159.55553_22.22283,True
436,-159.54497_22.22072,True
437,-159.54244_22.21710,True
438,-159.49522_22.20470,True
439,-159.49561_22.20418,True
440,-159.30923_22.14264,True
441,-159.42887_22.21392,True
442,-159.49967_22.20294,True
443,-159.49657_22.21227,True
444,-159.33393_22.19288,True
445,-159.44210_22.22038,True
446,-159.30805_22.14598,True
447,-159.50056_22.20190,True
448,-159.50571_22.20182,True
449,-159.49324_22.20356,True
450,-159.49661_22.20567,True
451,-159.31406_22.14682,True
452,-159.42994_22.21408,True
453,-159.33575_22.05485,True
454,-159.59918_22.10355,True
455,-159.49881_22.20287,True
456,-159.49908_22.20268,True
457,-159.49722_22.20550,True
458,-159.50527_22.19942,True
459,-159.32214_22.05999,True
460,-159.50165_22.20075,True
461,-159.50053_22.20244,True
462,-159.50531_22.20192,True
463,-159.50462_22.20192,True
464,-159.32664_22.10482,True
465,-159.49823_22.20635,True
466,-159.33351_22.05281,True
467,-159.33424_22.05370,True
468,-159.33583_22.05642,True
469,-159.33738_22.05569,True
470,-159.31852_22.06540,True
471,-159.32036_22.06470,True
472,-159.54771_22.22242,True
473,-159.54743_22.22232,True
474,-159.31715_22.06914,True
475,-159.31844_22.06762,True
476,-159.32019_22.07426,True
477,-159.31620_22.08279,True
478,-159.31472_22.08314,True
479,-159.31655_22.08283,True
480,-159.31821_22.09746,True
481,-159.31675_22.09543,True
482,-159.30511_22.14672,True
483,-159.30465_22.14623,True
484,-159.30596_22.14457,True
485,-159.30815_22.14461,True
486,-159.30381_22.14488,True
487,-159.31597_22.14573,True
488,-159.30693_22.15312,True
489,-159.30967_22.16254,True
490,-159.30909_22.16047,True
491,-159.33420_22.18928,True
492,-159.33331_22.18992,True
493,-159.33421_22.19236,True
494,-159.33335_22.19176,True
495,-159.33252_22.19217,True
496,-159.33411_22.19262,True
497,-159.50531_22.20143,True
498,-159.50502_22.20138,True
499,-159.55883_22.22572,True
500,-159.56095_22.22206,True
501,-159.44114_22.22205,True
502,-159.44039_22.22190,True
503,-159.45276_22.22491,True
504,-159.45557_22.22552,True
505,-159.46017_22.22377,True
506,-159.49387_22.21486,True
507,-159.49095_22.21451,True
508,-159.49068_22.21405,True
509,-159.49589_22.20846,True
510,-159.49633_22.20830,True
511,-159.49770_22.20507,True
512,-159.49885_22.20310,True
513,-159.49669_22.20733,True
514,-159.49675_22.20711,True
515,-159.49543_22.20577,True
516,-159.49501_22.20360,True
517,-159.51197_22.20274,True
518,-159.55403_22.20123,True
519,-159.55412_22.19998,True
520,-159.55449_22.19950,True
521,-159.53873_22.21260,True
522,-159.54893_22.22413,True
523,-159.54867_22.22329,True
524,-159.55051_22.22200,True
525,-159.55227_22.22317,True
526,-159.55093_22.22264,True
527,-159.55133_22.22465,True
528,-159.55063_22.22438,True
529,-159.55228_22.22411,True
530,-159.55630_22.22373,True
531,-159.54603_22.22080,True
532,-159.54501_22.22124,True
533,-159.54790_22.22142,True
534,-159.38226_22.06132,True
535,-159.49875_22.20540,True
536,-159.42775_22.21524,True
537,-159.54995_22.20801,True
538,-159.50569_22.20210,True
539,-159.49975_22.20459,True
540,-159.44241_22.21851,True
541,-159.49656_22.21156,True
542,-159.49662_22.21038,True
543,-159.33557_22.19060,True
544,-159.32395_22.06165,True
545,-159.38909_22.21267,True
546,-159.50172_22.20279,True
547,-159.50393_22.20260,True
548,-159.50419_22.20199,True
549,-159.50299_22.20236,True
550,-159.32320_22.10348,True
551,-159.49561_22.21184,True
552,-159.49757_22.20522,True
553,-159.33475_22.05224,True
554,-159.38366_22.06220,True
555,-159.38536_22.06588,True
556,-159.33013_22.05405,True
557,-159.31875_22.06458,True
558,-159.31958_22.06289,True
559,-159.31679_22.07014,True
560,-159.31742_22.06821,True
561,-159.31748_22.06800,True
562,-159.31796_22.06799,True
563,-159.32143_22.10175,True
564,-159.32891_22.08179,True
565,-159.32960_22.08194,True
566,-159.30291_22.14580,True
567,-159.30464_22.14590,True
568,-159.30404_22.14593,True
569,-159.30707_22.14484,True
570,-159.31447_22.14615,True
571,-159.30747_22.15067,True
572,-159.30615_22.15428,True
573,-159.33364_22.19112,True
574,-159.33413_22.19051,True
575,-159.33173_22.19226,True
576,-159.35954_22.21136,True
577,-159.49057_22.21319,True
578,-159.50453_22.20104,True
579,-159.56248_22.21975,True
580,-159.43034_22.21376,True
581,-159.44572_22.22246,True
582,-159.44297_22.22267,True
583,-159.44208_22.22103,True
584,-159.44364_22.22268,True
585,-159.44333_22.22253,True
586,-159.44137_22.22280,True
587,-159.49559_22.20383,True
588,-159.49604_22.20802,True
589,-159.49659_22.21092,True
590,-159.49699_22.20881,True
591,-159.49707_22.20856,True
592,-159.49615_22.20445,True
593,-159.49687_22.20678,True
594,-159.49638_22.20750,True
595,-159.49699_22.20386,True
596,-159.49632_22.20643,True
597,-159.49417_22.20621,True
598,-159.54669_22.20886,True
599,-159.54754_22.22290,True
600,-159.54999_22.22261,True
601,-159.54966_22.22176,True
602,-159.54987_22.22182,True
603,-159.55207_22.22421,True
604,-159.55188_22.22429,True
605,-159.55090_22.22405,True
606,-159.54277_22.21787,True
607,-159.54540_22.21964,True
608,-159.56461_22.22067,True
609,-159.49487_22.20410,True
610,-159.30968_22.14180,True
611,-159.50315_22.19849,True
612,-159.49856_22.20211,True
613,-159.49550_22.20334,True
614,-159.49596_22.20541,True
615,-159.49611_22.20529,True
616,-159.49676_22.20591,True
617,-159.49699_22.20606,True
618,-159.33206_22.07719,True
619,-159.32145_22.06536,True
620,-159.50263_22.20040,True
621,-159.50493_22.20056,True
622,-159.50471_22.20027,True
623,-159.50058_22.20389,True
624,-159.50053_22.20289,True
625,-159.50100_22.20281,True
626,-159.49525_22.21243,True
627,-159.49869_22.20362,True
628,-159.49747_22.20562,True
629,-159.49703_22.20538,True
630,-159.33440_22.05397,True
631,-159.33624_22.05571,True
632,-159.33493_22.05453,True
633,-159.33439_22.05441,True
634,-159.31864_22.06499,True
635,-159.32071_22.06503,True
636,-159.31780_22.06683,True
637,-159.31791_22.06643,True
638,-159.31819_22.06720,True
639,-159.31857_22.06724,True
640,-159.31758_22.06980,True
641,-159.32003_22.08583,True
642,-159.32100_22.10002,True
643,-159.32159_22.10239,True
644,-159.32174_22.10221,True
645,-159.31208_22.08375,True
646,-159.31503_22.09527,True
647,-159.30763_22.14469,True
648,-159.30422_22.14544,True
649,-159.30619_22.15316,True
650,-159.30621_22.15289,True
651,-159.30623_22.15262,True
652,-159.30951_22.16122,True
653,-159.33397_22.19079,True
654,-159.33193_22.19176,True
655,-159.33217_22.19247,True
656,-159.50335_22.20122,True
657,-159.50398_22.20143,True
658,-159.50418_22.20141,True
659,-159.50498_22.20102,True
660,-159.55739_22.22551,True
661,-159.55818_22.22595,True
662,-159.55928_22.22392,True
663,-159.56046_22.22306,True
664,-159.56048_22.22204,True
665,-159.56006_22.22171,True
666,-159.54398_22.21826,True
667,-159.44515_22.22314,True
668,-159.44264_22.22240,True
669,-159.44219_22.22228,True
670,-159.44375_22.22339,True
671,-159.44305_22.22325,True
672,-159.44969_22.22447,True
673,-159.46524_22.22187,True
674,-159.45986_22.22397,True
675,-159.49448_22.21471,True
676,-159.48525_22.21019,True
677,-159.49716_22.20832,True
678,-159.49726_22.20807,True
679,-159.49511_22.20603,True
680,-159.49579_22.20575,True
681,-159.49581_22.20633,True
682,-159.49664_22.20669,True
683,-159.49338_22.20407,True
684,-159.49386_22.20389,True
685,-159.51181_22.20223,True
686,-159.55325_22.20222,True
687,-159.55342_22.20078,True
688,-159.54714_22.20855,True
689,-159.54860_22.20827,True
690,-159.54937_22.22264,True
691,-159.54895_22.22339,True
692,-159.54637_22.22313,True
693,-159.54977_22.22368,True
694,-159.54953_22.22430,True
695,-159.55237_22.22266,True
696,-159.55281_22.22331,True
697,-159.55278_22.22398,True
698,-159.55141_22.22295,True
699,-159.55169_22.22437,True
700,-159.55152_22.22449,True
701,-159.55021_22.22426,True
702,-159.55412_22.22292,True
703,-159.54576_22.22048,True
704,-159.54611_22.22031,True
705,-159.54342_22.21785,True
706,-159.54378_22.21763,True
707,-159.54609_22.21948,True
708,-159.54578_22.21971,True
709,-159.56635_22.22014,True
710,-159.56518_22.22014,True
711,-159.57941_22.22210,True
712,-159.49476_22.20465,True
713,-159.38209_22.06112,True
714,-159.31505_22.14709,True
715,-159.44589_22.22187,True
716,-159.49876_22.20255,True
717,-159.49901_22.20245,True
718,-159.50137_22.20207,True
719,-159.50231_22.20270,True
720,-159.49508_22.21027,True
721,-159.49541_22.21107,True
722,-159.50614_22.20198,True
723,-159.50693_22.20145,True
724,-159.50641_22.20105,True
725,-159.49568_22.20280,True
726,-159.49861_22.20136,True
727,-159.31925_22.08552,True
728,-159.32127_22.06072,True
729,-159.50523_22.19987,True
730,-159.50042_22.20223,True
731,-159.50080_22.20233,True
732,-159.50486_22.20192,True
733,-159.50363_22.20210,True
734,-159.50217_22.20180,True
735,-159.49972_22.20338,True
736,-159.49748_22.20539,True
737,-159.49836_22.20611,True
738,-159.49764_22.20684,True
739,-159.49934_22.20245,True
740,-159.33446_22.05319,True
741,-159.33537_22.05375,True
742,-159.33526_22.05430,True
743,-159.33454_22.05426,True
744,-159.33029_22.05347,True
745,-159.32006_22.06420,True
746,-159.31926_22.06269,True
747,-159.31808_22.06583,True
748,-159.31840_22.06613,True
749,-159.31866_22.06990,True
750,-159.31870_22.06789,True
751,-159.32091_22.06812,True
752,-159.31801_22.07434,True
753,-159.31318_22.08310,True
754,-159.31424_22.08270,True
755,-159.31538_22.08315,True
756,-159.31546_22.08272,True
757,-159.31880_22.08380,True
758,-159.30568_22.09734,True
759,-159.31629_22.09672,True
760,-159.31534_22.09612,True
761,-159.32908_22.08132,True
762,-159.31055_22.14276,True
763,-159.31232_22.14444,True
764,-159.31278_22.14382,True
765,-159.31378_22.14333,True
766,-159.31267_22.14455,True
767,-159.30495_22.14591,True
768,-159.30625_22.14450,True
769,-159.30511_22.14476,True
770,-159.30638_22.14500,True
771,-159.30787_22.14500,True
772,-159.30442_22.14492,True
773,-159.30412_22.14507,True
774,-159.30352_22.14493,True
775,-159.30456_22.14541,True
776,-159.31536_22.14635,True
777,-159.30727_22.15051,True
778,-159.30615_22.15401,True
779,-159.30603_22.15229,True
780,-159.30674_22.15178,True
781,-159.30688_22.15132,True
782,-159.30663_22.15148,True
783,-159.30523_22.15799,True
784,-159.30631_22.15905,True
785,-159.30934_22.16212,True
786,-159.30839_22.15926,True
787,-159.30682_22.15931,True
788,-159.33433_22.19220,True
789,-159.33363_22.19214,True
790,-159.33333_22.19201,True
791,-159.33383_22.19374,True
792,-159.33389_22.19389,True
793,-159.49030_22.21207,True
794,-159.50259_22.20190,True
795,-159.50312_22.20121,True
796,-159.50596_22.20141,True
797,-159.50597_22.20104,True
798,-159.50701_22.20201,True
799,-159.55752_22.22331,True
800,-159.55958_22.22301,True
801,-159.56096_22.22187,True
802,-159.56294_22.22061,True
803,-159.46717_22.20127,True
804,-159.44435_22.22292,True
805,-159.44036_22.22252,True
806,-159.44524_22.22363,True
807,-159.45232_22.22480,True
808,-159.44636_22.22163,True
809,-159.45367_22.22510,True
810,-159.43932_22.22241,True
811,-159.46340_22.22280,True
812,-159.46050_22.22358,True
813,-159.49339_22.21502,True
814,-159.49304_22.21507,True
815,-159.49656_22.21205,True
816,-159.49656_22.21188,True
817,-159.49640_22.20808,True
818,-159.49635_22.20501,True
819,-159.49849_22.20588,True
820,-159.49918_22.20324,True
821,-159.49897_22.20333,True
822,-159.49657_22.20779,True
823,-159.49663_22.20756,True
824,-159.49695_22.20658,True
825,-159.49629_22.20776,True
826,-159.49596_22.20770,True
827,-159.49541_22.20662,True
828,-159.49422_22.20382,True
829,-159.49459_22.20363,True
830,-159.51302_22.20361,True
831,-159.51571_22.20167,True
832,-159.51593_22.20544,True
833,-159.55505_22.19965,True
834,-159.54392_22.21219,True
835,-159.54304_22.21133,True
836,-159.54071_22.21274,True
837,-159.54029_22.21307,True
838,-159.54033_22.21203,True
839,-159.54742_22.21257,True
840,-159.54649_22.21289,True
841,-159.54555_22.21401,True
842,-159.54506_22.21374,True
843,-159.54604_22.22170,True
844,-159.54667_22.22210,True
845,-159.54870_22.22395,True
846,-159.54839_22.22394,True
847,-159.54758_22.22360,True
848,-159.54731_22.22349,True
849,-159.54704_22.22339,True
850,-159.54654_22.22206,True
851,-159.54846_22.22210,True
852,-159.55169_22.22305,True
853,-159.55197_22.22250,True
854,-159.55105_22.22457,True
855,-159.55085_22.22446,True
856,-159.55123_22.22422,True
857,-159.55249_22.22404,True
858,-159.55543_22.22404,True
859,-159.55462_22.22390,True
860,-159.55351_22.22382,True
861,-159.55709_22.22357,True
862,-159.54839_22.22101,True
863,-159.56368_22.22035,True
864,-159.56268_22.22161,True
865,-159.49446_22.20421,True
866,-159.49462_22.20444,True
867,-159.33578_22.18949,True
868,-159.33521_22.18889,True
869,-159.32054_22.07468,True
870,-159.30937_22.14347,True
871,-159.56115_22.22290,True
872,-159.44444_22.22353,True
873,-159.49203_22.20483,True
874,-159.51675_22.20307,True
875,-159.33383_22.19288,True
876,-159.59908_22.10355,True
877,-159.49898_22.20268,True
878,-159.33414_22.05370,True
879,-159.31645_22.08283,True
880,-159.30957_22.16254,True
881,-159.33242_22.19217,True
882,-159.49623_22.20830,True
883,-159.49491_22.20360,True
884,-159.38216_22.06132,True
885,-159.32385_22.06165,True
886,-159.49649_22.21092,True
887,-159.49407_22.20621,True
888,-159.50048_22.20389,True
889,-159.50043_22.20289,True
890,-159.49515_22.21243,True
891,-159.33430_22.05397,True
892,-159.33183_22.19176,True
893,-159.33207_22.19247,True
894,-159.44959_22.22447,True
895,-159.49716_22.20807,True
896,-159.49654_22.20669,True
897,-159.54943_22.22430,True
898,-159.55268_22.22398,True
899,-159.56625_22.22014,True
900,-159.57931_22.22210,True
901,-159.50127_22.20207,True
902,-159.49558_22.20280,True
903,-159.49962_22.20338,True
904,-159.49826_22.20611,True
905,-159.30432_22.14492,True
906,-159.30924_22.16212,True
907,-159.46707_22.20127,True
908,-159.45222_22.22480,True
909,-159.49653_22.20756,True
910,-159.33568_22.18949,True
911,-159.33341_22.05281,True
912,-159.33361_22.05281,True
913,-159.38526_22.06588,True
914,-159.38546_22.06588,True
915,-159.31870_22.08380,True
916,-159.31890_22.08380,True
917,-159.51561_22.20167,True
918,-159.51581_22.20167,True
919,-159.55341_22.22382,True
920,-159.55361_22.22382,True
921,-159.38366_22.06305,True
922,-159.38386_22.06305,True
923,-159.38376_22.06315,True
924,-159.30881_22.15962,True
925,-159.30891_22.15972,True
926,-159.43117_22.21227,True
927,-159.43137_22.21227,True
928,-159.43127_22.21237,True
929,-159.30829_22.15926,True
930,-159.30849_22.15926,True
931,-159.30839_22.15936,True
932,-159.49020_22.21207,True
933,-159.49040_22.21207,True
934,-159.49030_22.21217,True
935,-159.38446_22.06385,True
936,-159.38466_22.06385,True
937,-159.38456_22.06395,True
938,-159.38456_22.06375,True
939,-159.69923_21.96276,True
940,-159.35313_21.96211,True
941,-159.36003_21.95187,True
942,-159.72228_21.96984,True
943,-159.72214_21.97182,True
944,-159.72024_21.97164,True
945,-159.71812_21.97283,True
946,-159.71652_21.97351,True
947,-159.71686_21.97353,True
948,-159.72026_21.97495,True
949,-159.71953_21.97374,True
950,-159.71830_21.97226,True
951,-159.71809_21.97212,True
952,-159.71689_21.97380,True
953,-159.71669_21.97374,True
954,-159.71388_21.96734,True
955,-159.69835_21.96118,True
956,-159.69849_21.96075,True
957,-159.70637_21.96449,True
958,-159.70248_21.96473,True
959,-159.71315_21.97024,True
960,-159.71260_21.97046,True
961,-159.70294_21.96250,True
962,-159.70541_21.96471,True
963,-159.70690_21.96351,True
964,-159.70708_21.96298,True
965,-159.71189_21.96732,True
966,-159.64663_21.93651,True
967,-159.58437_21.91349,True
968,-159.65807_21.96495,True
969,-159.67072_21.95629,True
970,-159.36569_21.95075,True
971,-159.36299_21.94951,True
972,-159.47195_21.88055,True
973,-159.47175_21.88055,True
974,-159.58725_21.91408,True
975,-159.48110_21.88225,True
976,-159.45065_21.87417,True
977,-159.44975_21.87313,True
978,-159.36502_21.95401,True
979,-159.35654_21.95521,True
980,-159.33762_22.04777,True
981,-159.70469_21.96352,True
982,-159.73304_21.97284,True
983,-159.69697_21.96120,True
984,-159.72186_21.97581,True
985,-159.74393_21.98236,True
986,-159.72075_21.97504,True
987,-159.69731_21.96173,True
988,-159.72579_21.97161,True
989,-159.69688_21.96170,True
990,-159.69650_21.96092,True
991,-159.71878_21.97044,True
992,-159.72203_21.97202,True
993,-159.71858_21.97313,True
994,-159.71491_21.97228,True
995,-159.71542_21.97279,True
996,-159.71857_21.97108,True
997,-159.71871_21.97374,True
998,-159.70909_21.96293,True
999,-159.71894_21.97268,True
1000,-159.71788_21.97198,True
1001,-159.71581_21.96814,True
1002,-159.71559_21.96852,True
1003,-159.70995_21.96386,True
1004,-159.70849_21.96246,True
1005,-159.70054_21.96240,True
1006,-159.69761_21.96222,True
1007,-159.69857_21.96208,True
1008,-159.70198_21.96323,True
1009,-159.70427_21.96458,True
1010,-159.70740_21.96533,True
1011,-159.70473_21.96246,True
1012,-159.71216_21.96608,True
1013,-159.71433_21.97199,True
1014,-159.70418_21.96189,True
1015,-159.70259_21.96139,True
1016,-159.70321_21.96269,True
1017,-159.58457_21.91324,True
1018,-159.64803_21.93722,True
1019,-159.69277_21.96064,True
1020,-159.70317_21.96408,True
1021,-159.65872_21.96542,True
1022,-159.34007_22.02762,True
1023,-159.70560_21.96492,True
1024,-159.70606_21.96487,True
1025,-159.69560_21.96169,True
1026,-159.72183_21.97043,True
1027,-159.72256_21.97089,True
1028,-159.72280_21.97105,True
1029,-159.71991_21.97134,True
1030,-159.72158_21.97254,True
1031,-159.72173_21.97234,True
1032,-159.72032_21.97426,True
1033,-159.71760_21.97303,True
1034,-159.71909_21.97323,True
1035,-159.71676_21.97055,True
1036,-159.71992_21.97332,True
1037,-159.71635_21.97326,True
1038,-159.71549_21.96801,True
1039,-159.71433_21.96740,True
1040,-159.70878_21.96332,True
1041,-159.70006_21.96206,True
1042,-159.70019_21.96273,True
1043,-159.70174_21.96192,True
1044,-159.70516_21.96609,True
1045,-159.70419_21.96525,True
1046,-159.70738_21.96615,True
1047,-159.70645_21.96527,True
1048,-159.71049_21.96572,True
1049,-159.71350_21.97111,True
1050,-159.70406_21.96106,True
1051,-159.70321_21.96159,True
1052,-159.70373_21.96303,True
1053,-159.70226_21.96266,True
1054,-159.70597_21.96290,True
1055,-159.70632_21.96248,True
1056,-159.70582_21.96209,True
1057,-159.70375_21.96340,True
1058,-159.71262_21.96738,True
1059,-159.66605_21.95637,True
1060,-159.66378_21.95736,True
1061,-159.49213_21.88530,True
1062,-159.36219_21.94867,True
1063,-159.36336_21.94756,True
1064,-159.36269_21.95023,True
1065,-159.36478_21.94808,True
1066,-159.36416_21.94978,True
1067,-159.36426_21.94933,True
1068,-159.47156_21.87976,True
1069,-159.58683_21.91333,True
1070,-159.47088_21.87910,True
1071,-159.48603_21.88382,True
1072,-159.48656_21.88366,True
1073,-159.45535_21.87382,True
1074,-159.45212_21.87445,True
1075,-159.45066_21.87296,True
1076,-159.34330_22.02562,True
1077,-159.33820_22.04737,True
1078,-159.33925_22.04847,True
1079,-159.33869_22.04864,True
1080,-159.69687_21.96193,True
1081,-159.71683_21.96830,True
1082,-159.71520_21.96826,True
1083,-159.36315_21.95241,True
1084,-159.49044_21.88598,True
1085,-159.36490_21.94758,True
1086,-159.36420_21.95036,True
1087,-159.36309_21.94803,True
1088,-159.35393_21.95998,True
1089,-159.47181_21.88018,True
1090,-159.47079_21.87872,True
1091,-159.47992_21.88227,True
1092,-159.48247_21.88227,True
1093,-159.48185_21.88220,True
1094,-159.45515_21.87358,True
1095,-159.45120_21.87411,True
1096,-159.45126_21.87390,True
1097,-159.35317_21.95924,True
1098,-159.33711_22.04677,True
1099,-159.34830_22.04897,True
1100,-159.71784_21.96923,True
1101,-159.72548_21.97258,True
1102,-159.69379_21.96165,True
1103,-159.69357_21.96163,True
1104,-159.69699_21.96068,True
1105,-159.72080_21.97092,True
1106,-159.71586_21.97173,True
1107,-159.71820_21.97439,True
1108,-159.71720_21.97389,True
1109,-159.71985_21.97381,True
1110,-159.71767_21.97184,True
1111,-159.71746_21.97170,True
1112,-159.71470_21.96800,True
1113,-159.71596_21.96876,True
1114,-159.71631_21.96899,True
1115,-159.71657_21.96864,True
1116,-159.70867_21.96363,True
1117,-159.70846_21.96391,True
1118,-159.70028_21.96207,True
1119,-159.69830_21.96204,True
1120,-159.69805_21.96178,True
1121,-159.69798_21.96134,True
1122,-159.69985_21.96192,True
1123,-159.70280_21.96512,True
1124,-159.70757_21.96413,True
1125,-159.71287_21.96947,True
1126,-159.71548_21.96978,True
1127,-159.71474_21.96939,True
1128,-159.71343_21.96856,True
1129,-159.71097_21.96929,True
1130,-159.71288_21.97112,True
1131,-159.70380_21.96107,True
1132,-159.70262_21.96228,True
1133,-159.70764_21.96227,True
1134,-159.70776_21.96263,True
1135,-159.71108_21.96794,True
1136,-159.71125_21.96692,True
1137,-159.60799_21.90002,True
1138,-159.66135_21.98112,True
1139,-159.65614_21.96632,True
1140,-159.66561_21.95677,True
1141,-159.67099_21.95613,True
1142,-159.64493_21.93175,True
1143,-159.64837_21.93596,True
1144,-159.57300_21.91896,True
1145,-159.50297_21.89127,True
1146,-159.36317_21.95077,True
1147,-159.36484_21.94982,True
1148,-159.36467_21.94995,True
1149,-159.36407_21.95052,True
1150,-159.36393_21.95069,True
1151,-159.36429_21.94859,True
1152,-159.35412_21.96040,True
1153,-159.47233_21.87998,True
1154,-159.47214_21.88068,True
1155,-159.58672_21.91372,True
1156,-159.58924_21.91276,True
1157,-159.48487_21.88375,True
1158,-159.48029_21.88220,True
1159,-159.48067_21.88222,True
1160,-159.48151_21.88222,True
1161,-159.77332_22.02276,True
1162,-159.45557_21.87400,True
1163,-159.45070_21.87396,True
1164,-159.45219_21.87412,True
1165,-159.45223_21.87391,True
1166,-159.45026_21.87314,True
1167,-159.36357_21.95196,True
1168,-159.35276_21.95859,True
1169,-159.36030_21.96193,True
1170,-159.36249_21.98861,True
1171,-159.34175_21.99336,True
1172,-159.33649_22.04709,True
1173,-159.69744_21.96121,True
1174,-159.67420_21.95999,True
1175,-159.72087_21.97489,True
1176,-159.72106_21.97546,True
1177,-159.72160_21.97560,True
1178,-159.72348_21.97054,True
1179,-159.69642_21.96167,True
1180,-159.69623_21.96063,True
1181,-159.72231_21.97074,True
1182,-159.65726_21.96576,True
1183,-159.72284_21.97004,True
1184,-159.72241_21.97205,True
1185,-159.72015_21.97345,True
1186,-159.71970_21.97318,True
1187,-159.71851_21.97240,True
1188,-159.71606_21.97321,True
1189,-159.71972_21.97474,True
1190,-159.71469_21.96759,True
1191,-159.71609_21.96827,True
1192,-159.71637_21.96837,True
1193,-159.70147_21.96230,True
1194,-159.69809_21.96070,True
1195,-159.69898_21.96191,True
1196,-159.69858_21.96232,True
1197,-159.69992_21.96273,True
1198,-159.70263_21.96348,True
1199,-159.70338_21.96449,True
1200,-159.70525_21.96594,True
1201,-159.70462_21.96603,True
1202,-159.70402_21.96564,True
1203,-159.70182_21.96398,True
1204,-159.70735_21.96481,True
1205,-159.70797_21.96522,True
1206,-159.70778_21.96591,True
1207,-159.71447_21.97048,True
1208,-159.70386_21.96219,True
1209,-159.70301_21.96184,True
1210,-159.70231_21.96232,True
1211,-159.70422_21.96398,True
1212,-159.70441_21.96392,True
1213,-159.71238_21.96694,True
1214,-159.59527_21.90624,True
1215,-159.58246_21.91808,True
1216,-159.58030_21.91810,True
1217,-159.58007_21.91813,True
1218,-159.66000_21.96573,True
1219,-159.66030_21.96223,True
1220,-159.67128_21.95626,True
1221,-159.65778_21.96546,True
1222,-159.49071_21.88607,True
1223,-159.49095_21.88612,True
1224,-159.49322_21.88474,True
1225,-159.36205_21.95032,True
1226,-159.36508_21.94941,True
1227,-159.36314_21.94849,True
1228,-159.36283_21.94864,True
1229,-159.36376_21.94754,True
1230,-159.36261_21.95006,True
1231,-159.36381_21.95017,True
1232,-159.35690_21.95697,True
1233,-159.47835_21.88203,True
1234,-159.47288_21.88088,True
1235,-159.47153_21.88008,True
1236,-159.4863_21.88370,True
1237,-159.48222_21.88196,True
1238,-159.48774_21.88393,True
1239,-159.45169_21.87363,True
1240,-159.45119_21.87358,True
1241,-159.45036_21.87262,True
1242,-159.36680_21.95286,True
1243,-159.35926_21.95055,True
1244,-159.36233_21.95445,True
1245,-159.36423_21.95186,True
1246,-159.36009_22.03801,True
1247,-159.33642_22.04653,True
1248,-159.33899_22.04842,True
1249,-159.65653_21.97414,True
1250,-159.65659_21.96634,True
1251,-159.71173_21.96980,True
1252,-159.70543_21.96169,True
1253,-159.65619_21.97334,True
1254,-159.65650_21.97437,True
1255,-159.67142_21.95633,True
1256,-159.65619_21.97354,True
1257,-159.65639_21.97714,True
1258,-159.65681_21.97510,True
1259,-159.71642_21.97351,True
1260,-159.58715_21.91408,True
1261,-159.44965_21.87313,True
1262,-159.36492_21.95401,True
1263,-159.71532_21.97279,True
1264,-159.70899_21.96293,True
1265,-159.71571_21.96814,True
1266,-159.71549_21.96852,True
1267,-159.70188_21.96323,True
1268,-159.71423_21.97199,True
1269,-159.58447_21.91324,True
1270,-159.69267_21.96064,True
1271,-159.71539_21.96801,True
1272,-159.71423_21.96740,True
1273,-159.71039_21.96572,True
1274,-159.70311_21.96159,True
1275,-159.70587_21.96290,True
1276,-159.36209_21.94867,True
1277,-159.36416_21.94933,True
1278,-159.45525_21.87382,True
1279,-159.45056_21.87296,True
1280,-159.71673_21.96830,True
1281,-159.36305_21.95241,True
1282,-159.71460_21.96800,True
1283,-159.71621_21.96899,True
1284,-159.71647_21.96864,True
1285,-159.60789_21.90002,True
1286,-159.50287_21.89127,True
1287,-159.36307_21.95077,True
1288,-159.36419_21.94859,True
1289,-159.58914_21.91276,True
1290,-159.48019_21.88220,True
1291,-159.48057_21.88222,True
1292,-159.36347_21.95196,True
1293,-159.35266_21.95859,True
1294,-159.34165_21.99336,True
1295,-159.71459_21.96759,True
1296,-159.71599_21.96827,True
1297,-159.69888_21.96191,True
1298,-159.36366_21.94754,True
1299,-159.36371_21.95017,True
1300,-159.45109_21.87358,True
1301,-159.70533_21.96169,True
1302,-159.74383_21.98236,True
1303,-159.74403_21.98236,True
1304,-159.71481_21.97228,True
1305,-159.71501_21.97228,True
1306,-159.72022_21.97426,True
1307,-159.72042_21.97426,True
1308,-159.36326_21.94756,True
1309,-159.36346_21.94756,True
1310,-159.36468_21.94808,True
1311,-159.36488_21.94808,True
1312,-159.71586_21.96876,True
1313,-159.71606_21.96876,True
1314,-159.77322_22.02276,True
1315,-159.77342_22.02276,True
1316,-159.71163_21.96980,True
1317,-159.71183_21.96980,True
1318,-159.69825_21.96118,True
1319,-159.69845_21.96118,True
1320,-159.69835_21.96128,True
1321,-159.36559_21.95075,True
1322,-159.36579_21.95075,True
1323,-159.36569_21.95085,True
1324,-159.71206_21.96608,True
1325,-159.71226_21.96608,True
1326,-159.71216_21.96618,True
1327,-159.72785_21.97480,True
1328,-159.35680_21.95697,True
1329,-159.35700_21.95697,True
1330,-159.35690_21.95707,True
1331,-159.71538_21.96978,True
1332,-159.71558_21.96978,True
1333,-159.71548_21.96988,True
1334,-159.71548_21.96968,True
1335,-159.71538_21.96988,True
1336,-159.71538_21.96968,True
1337,-159.71558_21.96988,True
1338,-159.71558_21.96968,True
1339,-159.71464_21.96939,True
1340,-159.71484_21.96939,True
1341,-159.71474_21.96949,True
1342,-159.71474_21.96929,True
1343,-159.71464_21.96949,True
1344,-159.71464_21.96929,True
1345,-159.71484_21.96949,True
1346,-159.71484_21.96929,True
1347,-159.71277_21.96947,True
1348,-159.71297_21.96947,True
1349,-159.71287_21.96957,True
1350,-159.71287_21.96937,True
1351,-159.71277_21.96957,True
1352,-159.71277_21.96937,True
1353,-159.71297_21.96957,True
1354,-159.71297_21.96937,True
1355,-159.71267_21.96947,True
1356,-156.33891_20.93217,True
1357,-156.49308_20.91950,True
1358,-156.49313_20.91931,True
1359,-156.49312_20.91914,True
1360,-156.49272_20.91670,True
1361,-156.49295_20.91379,True
1362,-156.49308_20.91823,True
1363,-156.46389_20.89472,True
1364,-156.46609_20.89374,True
1365,-156.46226_20.89660,True
1366,-156.46417_20.88605,True
1367,-156.42690_20.90785,True
1368,-156.42925_20.90670,True
1369,-156.43050_20.90588,True
1370,-156.43116_20.90525,True
1371,-156.42647_20.90800,True
1372,-156.42633_20.90868,True
1373,-156.49391_20.80073,True
1374,-156.60820_21.02028,True
1375,-156.60791_21.02046,True
1376,-156.68433_20.89424,True
1377,-156.68429_20.89756,True
1378,-156.68436_20.89677,True
1379,-156.68582_20.90212,True
1380,-156.67088_20.86872,True
1381,-156.62213_20.81148,True
1382,-156.61851_20.80962,True
1383,-156.62500_20.81226,True
1384,-156.62587_20.81329,True
1385,-156.61124_20.81128,True
1386,-156.61164_20.81157,True
1387,-156.33869_20.93324,True
1388,-156.49262_20.91670,True
1389,-156.42680_20.90785,True
1390,-156.43040_20.90588,True
1391,-156.68572_20.90212,True
1392,-156.62490_20.81226,True
1393,-156.49381_20.80073,True
1394,-156.49401_20.80073,True
1395,-156.62203_20.81148,True
1396,-156.62223_20.81148,True
1397,-156.44327_20.62960,True
1398,-156.44288_20.62911,True
1399,-156.44342_20.63153,True
1400,-156.44209_20.62985,True
1401,-156.43864_20.62124,True
1402,-156.44118_20.62588,True
1403,-156.43836_20.62034,True
1404,-156.44287_20.62630,True
1405,-156.44254_20.64908,True
1406,-156.44221_20.65430,True
1407,-156.44246_20.65430,True
1408,-156.44125_20.65401,True
1409,-156.44338_20.67434,True
1410,-156.51140_20.79072,True
1411,-156.51651_20.78539,True
1412,-156.51575_20.78684,True
1413,-156.45347_20.74803,True
1414,-156.45996_20.77793,True
1415,-156.45068_20.73986,True
1416,-156.43854_20.62124,True
1417,-156.43826_20.62034,True
1418,-156.45058_20.73986,True
1419,-156.44317_20.62960,True
1420,-156.44337_20.62960,True
1421,-158.13475_21.58305,True
1422,-158.15359_21.57583,True
1423,-157.91620_21.61767,True
1424,-158.15143_21.57800,True
1425,-157.89939_21.60322,True
1426,-158.11878_21.56635,True
1427,-157.90017_21.59609,True
1428,-158.15680_21.57694,True
1429,-158.06119_21.65324,True
1430,-157.91831_21.62251,True
1431,-158.13778_21.58216,True
1432,-158.03733_21.67854,True
1433,-157.88653_21.58070,True
1434,-157.89156_21.58340,True
1435,-157.91313_21.60923,True
1436,-158.11403_21.58502,True
1437,-157.84704_21.54581,True
1438,-158.13466_21.58176,True
1439,-158.12176_21.56639,True
1440,-157.85472_21.55665,True
1441,-158.01525_21.69594,True
1442,-158.12705_21.58226,True
1443,-157.90383_21.60351,True
1444,-158.05615_21.66009,True
1445,-158.12890_21.58088,True
1446,-157.93111_21.66154,True
1447,-157.93338_21.66260,True
1448,-158.15736_21.57711,True
1449,-157.91296_21.61527,True
1450,-158.15590_21.57705,True
1451,-158.07111_21.63002,True
1452,-157.91430_21.61344,True
1453,-158.12437_21.58143,True
1454,-157.85257_21.50037,True
1455,-157.93159_21.64982,True
1456,-158.11490_21.58836,True
1457,-158.10232_21.58974,True
1458,-158.05659_21.65972,True
1459,-158.06114_21.65337,True
1460,-158.11462_21.58896,True
1461,-158.02015_21.69044,True
1462,-158.03673_21.67804,True
1463,-157.90979_21.60837,True
1464,-158.11020_21.58727,True
1465,-157.91912_21.62310,True
1466,-157.91033_21.60835,True
1467,-158.15504_21.57529,True
1468,-158.12489_21.58235,True
1469,-157.87510_21.56662,True
1470,-158.15808_21.57565,True
1471,-158.06127_21.65383,True
1472,-157.85247_21.55518,True
1473,-158.03641_21.67888,True
1474,-157.91356_21.61316,True
1475,-158.10715_21.57977,True
1476,-157.90662_21.60439,True
1477,-157.87123_21.55175,True
1478,-157.87933_21.57472,True
1479,-158.03498_21.68091,True
1480,-157.84725_21.54887,True
1481,-157.84997_21.55235,True
1482,-157.91294_21.61173,True
1483,-157.85069_21.49648,True
1484,-157.84888_21.55080,True
1485,-158.22661_21.47928,True
1486,-158.12801_21.58010,True
1487,-158.03801_21.67542,True
1488,-157.84982_21.55214,True
1489,-157.89204_21.59144,True
1490,-158.04107_21.67236,True
1491,-157.87565_21.57271,True
1492,-157.91925_21.63672,True
1493,-157.88632_21.58006,True
1494,-157.84738_21.54960,True
1495,-158.13216_21.58184,True
1496,-158.12970_21.57915,True
1497,-158.13458_21.58302,True
1498,-158.03735_21.68008,True
1499,-158.05637_21.65990,True
1500,-158.15304_21.57697,True
1501,-157.89420_21.59283,True
1502,-158.12485_21.58266,True
1503,-158.04615_21.66901,True
1504,-157.90652_21.60589,True
1505,-157.84696_21.54689,True
1506,-158.08900_21.61546,True
1507,-158.10110_21.59608,True
1508,-158.03721_21.67797,True
1509,-157.91379_21.61349,True
1510,-158.07838_21.62419,True
1511,-158.11448_21.58890,True
1512,-158.03601_21.67878,True
1513,-157.91949_21.63685,True
1514,-157.91186_21.60828,True
1515,-158.10777_21.57955,True
1516,-158.12479_21.58169,True
1517,-158.12728_21.57772,True
1518,-157.88528_21.57849,True
1519,-157.85285_21.55333,True
1520,-157.84314_21.54228,True
1521,-158.04409_21.67102,True
1522,-158.10580_21.58139,True
1523,-158.03239_21.68036,True
1524,-157.85012_21.55348,True
1525,-157.92543_21.64762,True
1526,-158.11063_21.58728,True
1527,-157.90976_21.61029,True
1528,-157.89939_21.60267,True
1529,-158.10446_21.58617,True
1530,-158.10854_21.58982,True
1531,-157.87873_21.57405,True
1532,-157.92519_21.64730,True
1533,-157.91035_21.60622,True
1534,-157.91292_21.61872,True
1535,-158.11056_21.57582,True
1536,-158.03552_21.67983,True
1537,-158.03444_21.67985,True
1538,-158.04464_21.66925,True
1539,-158.07320_21.62914,True
1540,-158.07016_21.63336,True
1541,-158.01488_21.69714,True
1542,-158.12446_21.58043,True
1543,-158.12449_21.57949,True
1544,-158.12783_21.58086,True
1545,-158.12492_21.58069,True
1546,-158.12507_21.58111,True
1547,-157.88708_21.58194,True
1548,-158.05439_21.66143,True
1549,-157.91563_21.61821,True
1550,-158.15473_21.58026,True
1551,-158.03965_21.67377,True
1552,-158.14390_21.58237,True
1553,-158.14676_21.58168,True
1554,-158.11082_21.59008,True
1555,-157.90014_21.59348,True
1556,-157.91638_21.62185,True
1557,-158.10742_21.58018,True
1558,-157.91495_21.62017,True
1559,-157.97348_21.70695,True
1560,-158.11892_21.56875,True
1561,-158.01418_21.69764,True
1562,-158.06989_21.63249,True
1563,-158.10428_21.58167,True
1564,-158.14774_21.58124,True
1565,-158.1471_21.58145,True
1566,-157.89843_21.60273,True
1567,-157.90655_21.60620,True
1568,-157.84677_21.54554,True
1569,-157.89871_21.60173,True
1570,-157.91796_21.62215,True
1571,-157.91438_21.61852,True
1572,-158.13068_21.58216,True
1573,-158.13107_21.58220,True
1574,-158.13087_21.58220,True
1575,-158.15252_21.58023,True
1576,-158.11175_21.57236,True
1577,-158.05349_21.66019,True
1578,-158.13074_21.58009,True
1579,-158.19460_21.58123,True
1580,-158.19740_21.58129,True
1581,-157.93488_21.66351,True
1582,-157.94497_21.67560,True
1583,-158.08989_21.61449,True
1584,-158.11295_21.58836,True
1585,-158.12684_21.58184,True
1586,-157.92167_21.63347,True
1587,-157.85228_21.55533,True
1588,-158.10768_21.59197,True
1589,-157.90539_21.60383,True
1590,-157.88835_21.58673,True
1591,-158.07143_21.63021,True
1592,-157.90180_21.60502,True
1593,-157.90086_21.60380,True
1594,-157.90129_21.60404,True
1595,-158.11192_21.58810,True
1596,-158.02809_21.68754,True
1597,-158.10259_21.58929,True
1598,-158.04073_21.67277,True
1599,-158.11917_21.57579,True
1600,-157.89524_21.59407,True
1601,-158.11038_21.57822,True
1602,-158.17587_21.58008,True
1603,-158.10645_21.59211,True
1604,-158.11943_21.57707,True
1605,-157.91218_21.60927,True
1606,-157.91325_21.61272,True
1607,-157.84782_21.54754,True
1608,-157.84854_21.54961,True
1609,-158.10385_21.57790,True
1610,-157.92276_21.63004,True
1611,-157.91624_21.61802,True
1612,-158.12112_21.56640,True
1613,-158.08325_21.62093,True
1614,-157.91600_21.61805,True
1615,-158.10565_21.57940,True
1616,-158.11163_21.58815,True
1617,-157.88249_21.55028,True
1618,-158.10635_21.58013,True
1619,-158.14036_21.58173,True
1620,-157.91284_21.61255,True
1621,-157.85234_21.55462,True
1622,-157.84752_21.54931,True
1623,-158.07817_21.62431,True
1624,-158.22795_21.47984,True
1625,-158.12683_21.57750,True
1626,-157.90135_21.60244,True
1627,-157.85286_21.55557,True
1628,-157.85295_21.50153,True
1629,-157.88935_21.58543,True
1630,-157.93185_21.65003,True
1631,-158.03791_21.67820,True
1632,-158.11066_21.57657,True
1633,-157.90131_21.60326,True
1634,-157.91090_21.61067,True
1635,-158.07921_21.62375,True
1636,-158.03398_21.67956,True
1637,-158.03725_21.67764,True
1638,-157.85205_21.55331,True
1639,-158.05648_21.65981,True
1640,-158.12618_21.57942,True
1641,-158.03605_21.67934,True
1642,-157.91660_21.61788,True
1643,-157.85031_21.55364,True
1644,-158.11477_21.58901,True
1645,-158.07141_21.63076,True
1646,-158.03190_21.68077,True
1647,-157.90838_21.60746,True
1648,-157.85200_21.49822,True
1649,-157.84443_21.53792,True
1650,-158.15131_21.57882,True
1651,-157.91579_21.61779,True
1652,-157.85271_21.50077,True
1653,-157.87542_21.57192,True
1654,-158.11490_21.57558,True
1655,-157.91547_21.61861,True
1656,-157.88858_21.58583,True
1657,-157.85206_21.55510,True
1658,-157.89337_21.59228,True
1659,-158.10900_21.57591,True
1660,-158.07349_21.62866,True
1661,-157.84842_21.47985,True
1662,-158.10312_21.58634,True
1663,-158.04541_21.66984,True
1664,-158.03914_21.67427,True
1665,-158.13926_21.58167,True
1666,-158.04740_21.66806,True
1667,-158.10784_21.57774,True
1668,-158.11122_21.57780,True
1669,-157.91211_21.60789,True
1670,-158.01320_21.69779,True
1671,-158.22581_21.47829,True
1672,-157.85353_21.55596,True
1673,-158.12312_21.57588,True
1674,-157.91530_21.61260,True
1675,-158.04723_21.66825,True
1676,-157.88920_21.58551,True
1677,-158.11624_21.57778,True
1678,-157.83476_21.52275,True
1679,-158.13949_21.58207,True
1680,-158.03773_21.67745,True
1681,-158.11108_21.57568,True
1682,-158.10397_21.58813,True
1683,-158.18356_21.57853,True
1684,-158.07880_21.62394,True
1685,-158.15413_21.57723,True
1686,-157.87987_21.57383,True
1687,-157.84191_21.54051,True
1688,-158.10090_21.59484,True
1689,-158.11031_21.57589,True
1690,-157.84645_21.48181,True
1691,-157.91503_21.61301,True
1692,-158.12462_21.57894,True
1693,-158.10971_21.58772,True
1694,-157.95479_21.67801,True
1695,-158.12645_21.58078,True
1696,-158.12540_21.58037,True
1697,-158.12426_21.58282,True
1698,-158.12522_21.58090,True
1699,-157.88679_21.58001,True
1700,-158.14468_21.58170,True
1701,-157.93010_21.65232,True
1702,-158.10169_21.59226,True
1703,-158.09380_21.61317,True
1704,-158.09170_21.61387,True
1705,-158.11485_21.57490,True
1706,-157.91416_21.61399,True
1707,-158.11625_21.58045,True
1708,-158.14988_21.58012,True
1709,-158.07563_21.62627,True
1710,-158.07513_21.62695,True
1711,-158.15270_21.58022,True
1712,-158.09325_21.60762,True
1713,-158.15625_21.58005,True
1714,-158.15371_21.58025,True
1715,-157.91392_21.61989,True
1716,-157.91562_21.62149,True
1717,-157.91438_21.61965,True
1718,-157.91633_21.62137,True
1719,-157.91459_21.62037,True
1720,-157.91647_21.62177,True
1721,-157.91619_21.62200,True
1722,-157.91325_21.61982,True
1723,-158.14808_21.58115,True
1724,-158.04013_21.67217,True
1725,-157.93037_21.65444,True
1726,-157.93195_21.66196,True
1727,-158.11847_21.57584,True
1728,-158.08299_21.62101,True
1729,-158.17545_21.58005,True
1730,-157.88250_21.54944,True
1731,-158.13439_21.58150,True
1732,-157.88431_21.57802,True
1733,-158.03590_21.68026,True
1734,-158.11991_21.56597,True
1735,-158.11808_21.56610,True
1736,-158.22381_21.47855,True
1737,-158.05003_21.66566,True
1738,-157.90871_21.60773,True
1739,-158.11378_21.58724,True
1740,-158.03614_21.67865,True
1741,-158.06119_21.64105,True
1742,-157.90414_21.60382,True
1743,-157.92937_21.65045,True
1744,-158.10887_21.58982,True
1745,-158.10907_21.59008,True
1746,-157.91290_21.61054,True
1747,-158.11438_21.58818,True
1748,-158.12563_21.57825,True
1749,-157.91771_21.62204,True
1750,-157.91599_21.61770,True
1751,-157.88968_21.58805,True
1752,-157.90440_21.60629,True
1753,-158.05559_21.66053,True
1754,-157.90354_21.60317,True
1755,-158.12125_21.56604,True
1756,-158.06021_21.65480,True
1757,-157.85245_21.55369,True
1758,-158.15546_21.57709,True
1759,-158.10753_21.59205,True
1760,-157.87545_21.57219,True
1761,-158.10678_21.57983,True
1762,-157.91472_21.61253,True
1763,-158.13268_21.58159,True
1764,-157.90669_21.60624,True
1765,-158.03776_21.67836,True
1766,-157.91292_21.61698,True
1767,-157.91502_21.61369,True
1768,-158.22750_21.47916,True
1769,-158.12573_21.58154,True
1770,-158.22493_21.57876,True
1771,-158.10713_21.59112,True
1772,-158.12603_21.57933,True
1773,-158.22757_21.48111,True
1774,-158.03852_21.67645,True
1775,-157.88781_21.58667,True
1776,-158.13629_21.58304,True
1777,-157.92028_21.62406,True
1778,-158.22666_21.47858,True
1779,-158.10763_21.59108,True
1780,-157.85247_21.49885,True
1781,-157.91206_21.60883,True
1782,-158.22733_21.47974,True
1783,-157.84967_21.55194,True
1784,-158.08937_21.61513,True
1785,-158.10960_21.57705,True
1786,-158.08715_21.61704,True
1787,-158.22572_21.47976,True
1788,-158.04992_21.66576,True
1789,-158.07042_21.63303,True
1790,-157.91187_21.60972,True
1791,-158.15377_21.57461,True
1792,-158.10222_21.59074,True
1793,-157.87161_21.55227,True
1794,-157.90619_21.60481,True
1795,-157.85612_21.55667,True
1796,-158.22821_21.48177,True
1797,-158.13868_21.58169,True
1798,-157.85071_21.55248,True
1799,-158.08013_21.62334,True
1800,-158.08429_21.62048,True
1801,-158.16173_21.57815,True
1802,-157.84850_21.54899,True
1803,-157.91258_21.60888,True
1804,-158.15178_21.57547,True
1805,-157.90919_21.60559,True
1806,-158.03571_21.68004,True
1807,-158.01171_21.69565,True
1808,-158.01517_21.69622,True
1809,-157.91164_21.61008,True
1810,-157.89835_21.60261,True
1811,-157.91199_21.60934,True
1812,-158.15796_21.57604,True
1813,-158.10249_21.58770,True
1814,-157.89920_21.60077,True
1815,-157.87142_21.55266,True
1816,-157.91924_21.63653,True
1817,-158.03644_21.67834,True
1818,-157.88310_21.54797,True
1819,-157.84385_21.54262,True
1820,-157.87545_21.57082,True
1821,-158.22686_21.48054,True
1822,-158.10684_21.59181,True
1823,-157.88263_21.54904,True
1824,-158.15276_21.57871,True
1825,-158.11091_21.57896,True
1826,-157.88791_21.58011,True
1827,-157.91408_21.61981,True
1828,-158.10050_21.59374,True
1829,-158.10856_21.57587,True
1830,-158.12732_21.57890,True
1831,-157.90723_21.60504,True
1832,-157.91372_21.61837,True
1833,-157.85402_21.55625,True
1834,-158.10897_21.58941,True
1835,-157.93566_21.66449,True
1836,-157.91335_21.61819,True
1837,-157.91480_21.62026,True
1838,-158.11988_21.57262,True
1839,-157.92562_21.64808,True
1840,-158.13331_21.58131,True
1841,-158.11442_21.57552,True
1842,-158.10292_21.59468,True
1843,-158.09651_21.59369,True
1844,-158.09119_21.61416,True
1845,-158.09131_21.61306,True
1846,-158.09349_21.61322,True
1847,-158.19695_21.58146,True
1848,-158.09062_21.61382,True
1849,-158.07456_21.62737,True
1850,-158.07521_21.62633,True
1851,-158.07664_21.62528,True
1852,-158.10506_21.57946,True
1853,-158.14131_21.58282,True
1854,-158.15158_21.58036,True
1855,-157.91518_21.62097,True
1856,-158.11106_21.57973,True
1857,-158.11171_21.58674,True
1858,-158.11143_21.58704,True
1859,-157.91619_21.62263,True
1860,-158.10615_21.59217,True
1861,-158.10521_21.59175,True
1862,-158.10408_21.59170,True
1863,-158.05955_21.65376,True
1864,-157.89909_21.60290,True
1865,-158.03740_21.67604,True
1866,-157.89440_21.59303,True
1867,-157.91276_21.61165,True
1868,-158.11376_21.58867,True
1869,-158.12685_21.58154,True
1870,-158.12643_21.58189,True
1871,-157.91303_21.61239,True
1872,-157.88918_21.58772,True
1873,-157.84988_21.55134,True
1874,-158.10532_21.57764,True
1875,-158.12735_21.57716,True
1876,-158.15365_21.57542,True
1877,-158.04664_21.66910,True
1878,-158.22994_21.48175,True
1879,-157.85644_21.55676,True
1880,-157.91315_21.61026,True
1881,-157.92643_21.64750,True
1882,-157.84705_21.54665,True
1883,-158.10369_21.58777,True
1884,-157.84153_21.53883,True
1885,-158.08828_21.61617,True
1886,-157.84661_21.54901,True
1887,-157.85172_21.55428,True
1888,-157.88441_21.57813,True
1889,-157.90510_21.60352,True
1890,-157.84770_21.55022,True
1891,-157.87520_21.56773,True
1892,-157.85128_21.55402,True
1893,-157.87096_21.55326,True
1894,-158.15161_21.57673,True
1895,-158.12501_21.58187,True
1896,-158.15458_21.57718,True
1897,-157.91986_21.62371,True
1898,-158.15522_21.57884,True
1899,-158.11609_21.58693,True
1900,-157.91966_21.63690,True
1901,-158.12626_21.58155,True
1902,-157.92061_21.62433,True
1903,-157.91850_21.64005,True
1904,-158.03787_21.67897,True
1905,-158.11489_21.58850,True
1906,-157.90090_21.59667,True
1907,-158.03594_21.67922,True
1908,-158.10744_21.59051,True
1909,-157.90606_21.60197,True
1910,-158.03859_21.67765,True
1911,-158.08880_21.61567,True
1912,-157.84848_21.54858,True
1913,-157.84791_21.54859,True
1914,-158.06840_21.63755,True
1915,-157.91578_21.61849,True
1916,-157.84291_21.54216,True
1917,-158.03708_21.67637,True
1918,-157.91175_21.61023,True
1919,-158.01306_21.69751,True
1920,-157.91342_21.61178,True
1921,-157.88383_21.54761,True
1922,-158.17581_21.58028,True
1923,-158.03650_21.67983,True
1924,-157.85186_21.55498,True
1925,-158.11242_21.58555,True
1926,-158.15809_21.57719,True
1927,-157.87699_21.57430,True
1928,-157.89151_21.59086,True
1929,-158.10257_21.58823,True
1930,-158.17694_21.57979,True
1931,-158.10501_21.57799,True
1932,-158.11174_21.56981,True
1933,-158.07154_21.62995,True
1934,-157.90620_21.60366,True
1935,-158.17761_21.57980,True
1936,-157.90111_21.60302,True
1937,-157.91535_21.61842,True
1938,-157.91924_21.63684,True
1939,-157.83483_21.52789,True
1940,-158.05570_21.66045,True
1941,-158.12733_21.58173,True
1942,-158.10668_21.59203,True
1943,-157.92294_21.62970,True
1944,-157.88789_21.58683,True
1945,-157.91487_21.61314,True
1946,-157.92367_21.63324,True
1947,-157.85490_21.55753,True
1948,-158.18873_21.58153,True
1949,-158.10275_21.59606,True
1950,-158.22412_21.57730,True
1951,-157.91134_21.61064,True
1952,-157.90745_21.60475,True
1953,-158.10062_21.59207,True
1954,-157.89079_21.57802,True
1955,-158.10934_21.59012,True
1956,-158.12819_21.58010,True
1957,-158.11061_21.58820,True
1958,-158.15502_21.57714,True
1959,-158.13839_21.58168,True
1960,-158.13717_21.58166,True
1961,-158.01464_21.69729,True
1962,-158.01316_21.69810,True
1963,-158.01191_21.69568,True
1964,-158.12759_21.58121,True
1965,-157.89196_21.58027,True
1966,-157.91269_21.61963,True
1967,-157.91422_21.61859,True
1968,-158.15962_21.57691,True
1969,-158.03666_21.67863,True
1970,-158.02168_21.69025,True
1971,-158.03178_21.68103,True
1972,-158.07341_21.62878,True
1973,-158.07167_21.63122,True
1974,-158.05627_21.66000,True
1975,-158.17592_21.57988,True
1976,-157.91603_21.61872,True
1977,-157.87907_21.57556,True
1978,-157.94617_21.67856,True
1979,-158.12056_21.56375,True
1980,-157.91417_21.62028,True
1981,-157.91493_21.62115,True
1982,-157.91639_21.62268,True
1983,-157.92147_21.62624,True
1984,-157.91460_21.62087,True
1985,-157.91879_21.62402,True
1986,-158.10481_21.59273,True
1987,-158.10634_21.59245,True
1988,-157.92168_21.62770,True
1989,-157.91543_21.62039,True
1990,-157.91317_21.62023,True
1991,-158.14443_21.58220,True
1992,-158.14670_21.58134,True
1993,-158.11212_21.56850,True
1994,-158.01414_21.69685,True
1995,-158.14731_21.58139,True
1996,-157.92044_21.62419,True
1997,-158.12726_21.57934,True
1998,-158.12663_21.58187,True
1999,-158.11161_21.57806,True
2000,-158.03815_21.67941,True
2001,-157.88001_21.57378,True
2002,-158.12963_21.58074,True
2003,-157.85070_21.55339,True
2004,-157.91376_21.61307,True
2005,-158.12433_21.58250,True
2006,-158.10791_21.59059,True
2007,-157.91510_21.61888,True
2008,-158.13301_21.58199,True
2009,-157.87512_21.56547,True
2010,-158.11497_21.56507,True
2011,-158.19934_21.57887,True
2012,-157.85378_21.50543,True
2013,-157.93642_21.66570,True
2014,-157.93628_21.66547,True
2015,-157.91440_21.62055,True
2016,-158.11294_21.57426,True
2017,-157.94262_21.67300,True
2018,-158.11334_21.57329,True
2019,-158.05944_21.65398,True
2020,-158.07693_21.62507,True
2021,-158.12948_21.57845,True
2022,-158.09469_21.61245,True
2023,-158.09267_21.61344,True
2024,-157.84945_21.51114,True
2025,-158.11114_21.57109,True
2026,-158.03871_21.67661,True
2027,-157.91297_21.61337,True
2028,-158.19843_21.58146,True
2029,-158.11435_21.58884,True
2030,-157.91534_21.61771,True
2031,-157.84708_21.54925,True
2032,-158.15184_21.57506,True
2033,-158.03249_21.68048,True
2034,-157.88284_21.54867,True
2035,-158.22840_21.48129,True
2036,-157.88862_21.58716,True
2037,-157.91858_21.64069,True
2038,-157.88634_21.58035,True
2039,-158.22628_21.47906,True
2040,-158.17537_21.58076,True
2041,-157.85227_21.55351,True
2042,-157.91224_21.60828,True
2043,-157.87537_21.56944,True
2044,-157.90978_21.60813,True
2045,-158.12890_21.58012,True
2046,-158.15369_21.57727,True
2047,-158.12787_21.57936,True
2048,-157.91334_21.61665,True
2049,-157.91498_21.61741,True
2050,-158.15949_21.57731,True
2051,-157.85119_21.55469,True
2052,-158.04576_21.67028,True
2053,-158.11270_21.58838,True
2054,-158.17597_21.57942,True
2055,-157.92983_21.65069,True
2056,-157.85264_21.55544,True
2057,-157.87973_21.57387,True
2058,-158.13393_21.58224,True
2059,-157.89536_21.59212,True
2060,-157.90700_21.60584,True
2061,-158.12837_21.58183,True
2062,-158.07785_21.62449,True
2063,-158.12795_21.57751,True
2064,-157.90310_21.60481,True
2065,-158.11377_21.57213,True
2066,-158.11208_21.58748,True
2067,-157.88233_21.54971,True
2068,-157.91641_21.61743,True
2069,-158.03833_21.67894,True
2070,-157.91550_21.61314,True
2071,-158.07988_21.62348,True
2072,-158.08812_21.61630,True
2073,-157.90773_21.60650,True
2074,-158.13902_21.58280,True
2075,-157.87545_21.57138,True
2076,-158.13474_21.58259,True
2077,-157.85342_21.50808,True
2078,-158.11349_21.58774,True
2079,-158.17530_21.58047,True
2080,-158.07164_21.62937,True
2081,-158.14263_21.58272,True
2082,-158.11212_21.58787,True
2083,-157.85102_21.48178,True
2084,-158.04668_21.66861,True
2085,-158.22807_21.48097,True
2086,-158.01466_21.69591,True
2087,-158.03743_21.67844,True
2088,-157.88839_21.58768,True
2089,-158.13394_21.58188,True
2090,-157.84672_21.48358,True
2091,-157.87540_21.57000,True
2092,-158.13033_21.57904,True
2093,-158.11183_21.56916,True
2094,-158.10533_21.57800,True
2095,-158.11488_21.58863,True
2096,-157.91359_21.61730,True
2097,-158.12746_21.58039,True
2098,-158.13908_21.58239,True
2099,-158.04597_21.66804,True
2100,-157.91131_21.61160,True
2101,-158.15872_21.57960,True
2102,-157.89508_21.59169,True
2103,-157.89704_21.58954,True
2104,-158.01462_21.69662,True
2105,-158.01350_21.69690,True
2106,-158.05168_21.66401,True
2107,-158.13658_21.58201,True
2108,-157.91571_21.61835,True
2109,-157.87624_21.57343,True
2110,-157.91381_21.61238,True
2111,-157.92480_21.64737,True
2112,-158.11245_21.57093,True
2113,-157.85157_21.49824,True
2114,-157.90510_21.60286,True
2115,-157.89172_21.59107,True
2116,-157.87525_21.56800,True
2117,-158.12589_21.58188,True
2118,-158.10669_21.59080,True
2119,-157.88401_21.57772,True
2120,-157.97147_21.70076,True
2121,-158.22430_21.47878,True
2122,-157.90972_21.60528,True
2123,-157.90767_21.60438,True
2124,-157.91292_21.61802,True
2125,-157.91625_21.61962,True
2126,-158.10894_21.57569,True
2127,-157.85170_21.49809,True
2128,-157.90783_21.60756,True
2129,-158.06037_21.65232,True
2130,-157.89886_21.60230,True
2131,-157.90785_21.60465,True
2132,-157.90783_21.60559,True
2133,-158.12573_21.58110,True
2134,-158.12537_21.58102,True
2135,-157.88882_21.58452,True
2136,-158.03523_21.67866,True
2137,-158.08979_21.61478,True
2138,-158.09451_21.61268,True
2139,-158.06063_21.65429,True
2140,-158.11251_21.57241,True
2141,-158.07581_21.62603,True
2142,-158.07632_21.62553,True
2143,-158.09518_21.61123,True
2144,-157.87867_21.57544,True
2145,-157.87934_21.57557,True
2146,-158.15287_21.58021,True
2147,-157.91438_21.61930,True
2148,-158.10973_21.57973,True
2149,-158.10624_21.58697,True
2150,-158.03995_21.67347,True
2151,-158.14907_21.58091,True
2152,-157.94107_21.67429,True
2153,-158.06069_21.65220,True
2154,-158.05962_21.65411,True
2155,-158.22451_21.47880,True
2156,-158.14458_21.58215,True
2157,-157.91878_21.64122,True
2158,-158.11432_21.57639,True
2159,-158.11246_21.58701,True
2160,-157.91339_21.61217,True
2161,-158.06285_21.64939,True
2162,-157.89415_21.59017,True
2163,-157.87513_21.56718,True
2164,-157.88349_21.54714,True
2165,-158.20059_21.58173,True
2166,-158.08454_21.62030,True
2167,-158.12471_21.58232,True
2168,-158.11173_21.57164,True
2169,-157.93735_21.66763,True
2170,-157.93508_21.66378,True
2171,-157.91506_21.61975,True
2172,-157.91358_21.61887,True
2173,-158.13025_21.58176,True
2174,-157.89210_21.57978,True
2175,-157.89898_21.60275,True
2176,-157.84980_21.55309,True
2177,-157.87660_21.57387,True
2178,-157.88367_21.54702,True
2179,-157.85295_21.55497,True
2180,-157.87539_21.56973,True
2181,-158.07225_21.62970,True
2182,-158.05540_21.66037,True
2183,-158.16079_21.57795,True
2184,-157.91360_21.61353,True
2185,-158.02377_21.68897,True
2186,-157.89876_21.60211,True
2187,-158.11129_21.57639,True
2188,-158.17821_21.57974,True
2189,-157.88818_21.58606,True
2190,-157.91524_21.61917,True
2191,-158.11013_21.57964,True
2192,-157.83638_21.53142,True
2193,-157.89903_21.60281,True
2194,-158.18136_21.57336,True
2195,-157.85145_21.49754,True
2196,-157.89712_21.59909,True
2197,-157.93212_21.65608,True
2198,-157.90947_21.60849,True
2199,-158.15973_21.57652,True
2200,-158.14226_21.58274,True
2201,-157.91385_21.61054,True
2202,-158.05009_21.66542,True
2203,-158.11197_21.58731,True
2204,-157.88273_21.54886,True
2205,-158.06982_21.63297,True
2206,-158.11099_21.57834,True
2207,-158.04531_21.66864,True
2208,-157.89154_21.59159,True
2209,-158.12784_21.58010,True
2210,-157.83623_21.53114,True
2211,-158.10580_21.57908,True
2212,-157.90592_21.60448,True
2213,-157.91862_21.62276,True
2214,-158.14267_21.58230,True
2215,-157.88337_21.54731,True
2216,-158.10858_21.59034,True
2217,-158.03203_21.68093,True
2218,-158.17557_21.57963,True
2219,-158.10327_21.60003,True
2220,-157.90616_21.60295,True
2221,-157.91010_21.60839,True
2222,-158.10571_21.57872,True
2223,-158.14825_21.58110,True
2224,-157.91362_21.61250,True
2225,-157.87131_21.55155,True
2226,-157.87544_21.57165,True
2227,-157.91910_21.64575,True
2228,-157.87543_21.57028,True
2229,-158.15653_21.57544,True
2230,-158.11353_21.58725,True
2231,-158.16216_21.57683,True
2232,-157.88659_21.58085,True
2233,-158.12772_21.58205,True
2234,-158.03833_21.67812,True
2235,-158.04606_21.67009,True
2236,-158.22947_21.48136,True
2237,-157.85171_21.49884,True
2238,-157.88387_21.54691,True
2239,-158.10867_21.59052,True
2240,-158.03724_21.67863,True
2241,-158.03497_21.67965,True
2242,-158.11075_21.57577,True
2243,-158.07324_21.62900,True
2244,-158.11146_21.57585,True
2245,-158.10972_21.57651,True
2246,-158.10275_21.59168,True
2247,-158.10109_21.59152,True
2248,-158.11834_21.56687,True
2249,-158.07079_21.63265,True
2250,-158.01281_21.69592,True
2251,-158.01399_21.69623,True
2252,-158.01213_21.69572,True
2253,-158.12479_21.58056,True
2254,-158.12444_21.58061,True
2255,-158.12444_21.58079,True
2256,-158.12477_21.58108,True
2257,-158.12439_21.58103,True
2258,-158.12508_21.58079,True
2259,-157.90980_21.60553,True
2260,-157.88771_21.58405,True
2261,-158.13777_21.58291,True
2262,-158.12937_21.58187,True
2263,-158.04664_21.66744,True
2264,-158.12530_21.58234,True
2265,-158.22586_21.47926,True
2266,-157.87818_21.57516,True
2267,-158.06079_21.65474,True
2268,-157.90584_21.60650,True
2269,-157.91085_21.61013,True
2270,-158.14405_21.58232,True
2271,-158.15548_21.58025,True
2272,-157.91628_21.62192,True
2273,-158.10026_21.59505,True
2274,-158.09868_21.59740,True
2275,-158.09895_21.59237,True
2276,-158.11781_21.57670,True
2277,-158.14308_21.58202,True
2278,-158.13086_21.57992,True
2279,-158.12029_21.56575,True
2280,-158.09121_21.61335,True
2281,-158.19588_21.58106,True
2282,-158.12845_21.57746,True
2283,-157.93224_21.66207,True
2284,-157.93542_21.66420,True
2285,-158.11303_21.57289,True
2286,-157.87844_21.57534,True
2287,-158.14354_21.58184,True
2288,-158.15132_21.58043,True
2289,-158.15188_21.58031,True
2290,-158.14387_21.58181,True
2291,-157.92824_21.64881,True
2292,-157.92754_21.65031,True
2293,-157.88073_21.54852,True
2294,-158.05270_21.66196,True
2295,-158.10461_21.58778,True
2296,-158.05403_21.66075,True
2297,-157.85806_21.55749,True
2298,-158.13634_21.58368,True
2299,-157.87535_21.56882,True
2300,-157.87530_21.56827,True
2301,-157.91515_21.61280,True
2302,-158.06033_21.65452,True
2303,-157.90402_21.60609,True
2304,-158.19489_21.58132,True
2305,-158.04759_21.66784,True
2306,-158.10760_21.57811,True
2307,-157.90220_21.60385,True
2308,-157.87889_21.57488,True
2309,-157.92060_21.63357,True
2310,-157.91899_21.64187,True
2311,-158.14157_21.58170,True
2312,-157.85159_21.49780,True
2313,-158.11158_21.58833,True
2314,-157.93085_21.65456,True
2315,-158.22868_21.48075,True
2316,-158.03786_21.67929,True
2317,-157.91108_21.60603,True
2318,-158.10273_21.58665,True
2319,-158.11520_21.57563,True
2320,-158.15566_21.57880,True
2321,-157.87545_21.57055,True
2322,-158.12669_21.57962,True
2323,-157.85208_21.55584,True
2324,-157.88207_21.54993,True
2325,-157.89826_21.60250,True
2326,-158.03648_21.67935,True
2327,-158.14213_21.58211,True
2328,-157.90119_21.60315,True
2329,-158.12566_21.57998,True
2330,-158.15820_21.57524,True
2331,-158.12839_21.57890,True
2332,-157.84701_21.54611,True
2333,-157.91326_21.61329,True
2334,-158.15295_21.57775,True
2335,-158.03751_21.67932,True
2336,-157.89776_21.59842,True
2337,-157.88857_21.58848,True
2338,-157.89553_21.59442,True
2339,-157.88233_21.55016,True
2340,-158.11506_21.57645,True
2341,-158.07237_21.62937,True
2342,-157.88637_21.58017,True
2343,-158.11215_21.57043,True
2344,-158.15137_21.57841,True
2345,-157.85299_21.50718,True
2346,-158.03229_21.68067,True
2347,-158.12589_21.57922,True
2348,-157.89946_21.60229,True
2349,-158.13557_21.58254,True
2350,-158.03639_21.67971,True
2351,-157.92315_21.63060,True
2352,-158.13978_21.58208,True
2353,-157.91308_21.61371,True
2354,-157.91228_21.60730,True
2355,-158.03870_21.67621,True
2356,-158.10959_21.58718,True
2357,-158.12162_21.57546,True
2358,-157.84869_21.55041,True
2359,-157.89217_21.59226,True
2360,-158.15478_21.57889,True
2361,-158.12852_21.58042,True
2362,-158.15391_21.57897,True
2363,-158.16116_21.57658,True
2364,-158.03692_21.67953,True
2365,-158.15768_21.57897,True
2366,-158.11493_21.57526,True
2367,-157.92183_21.62935,True
2368,-158.22898_21.48099,True
2369,-157.87860_21.57434,True
2370,-157.91340_21.61113,True
2371,-158.04485_21.67015,True
2372,-157.90421_21.60619,True
2373,-158.13279_21.58204,True
2374,-157.85228_21.49960,True
2375,-157.90392_21.59948,True
2376,-157.89494_21.59344,True
2377,-157.85235_21.49983,True
2378,-158.12437_21.58160,True
2379,-157.85148_21.55418,True
2380,-157.90753_21.60497,True
2381,-157.91311_21.61007,True
2382,-158.11092_21.57572,True
2383,-158.15167_21.57629,True
2384,-158.15619_21.57960,True
2385,-157.84732_21.47943,True
2386,-158.10149_21.59345,True
2387,-158.10882_21.58832,True
2388,-158.11002_21.58911,True
2389,-158.10845_21.58869,True
2390,-158.07234_21.63026,True
2391,-158.07181_21.63101,True
2392,-157.88734_21.58385,True
2393,-158.03627_21.67999,True
2394,-157.91350_21.61777,True
2395,-158.04691_21.66884,True
2396,-158.06827_21.63645,True
2397,-158.13670_21.58169,True
2398,-158.13809_21.58167,True
2399,-158.01493_21.69666,True
2400,-157.92367_21.63009,True
2401,-157.91323_21.61619,True
2402,-158.03807_21.67668,True
2403,-157.85352_21.55548,True
2404,-158.14534_21.58179,True
2405,-157.91728_21.62219,True
2406,-157.91508_21.62008,True
2407,-157.91406_21.61944,True
2408,-157.91343_21.61973,True
2409,-158.10382_21.59295,True
2410,-158.15711_21.57984,True
2411,-158.09687_21.59881,True
2412,-158.10490_21.58052,True
2413,-157.91600_21.62215,True
2414,-157.85311_21.50896,True
2415,-158.14753_21.58132,True
2416,-158.11002_21.56729,True
2417,-157.84996_21.55294,True
2418,-157.91656_21.61839,True
2419,-158.04586_21.67018,True
2420,-158.15190_21.57465,True
2421,-158.10793_21.58984,True
2422,-157.85315_21.55513,True
2423,-158.11669_21.58153,True
2424,-157.93013_21.65924,True
2425,-157.93684_21.66649,True
2426,-157.91342_21.61894,True
2427,-158.13146_21.58215,True
2428,-158.13165_21.58211,True
2429,-158.11395_21.57521,True
2430,-158.11169_21.57120,True
2431,-158.06077_21.65405,True
2432,-158.15037_21.58062,True
2433,-158.12959_21.58124,True
2434,-157.91369_21.61515,True
2435,-158.10253_21.59138,True
2436,-157.91384_21.61396,True
2437,-158.11195_21.57473,True
2438,-158.12045_21.56560,True
2439,-158.17598_21.57969,True
2440,-158.10369_21.58626,True
2441,-157.84507_21.48188,True
2442,-158.10888_21.57796,True
2443,-157.84223_21.54143,True
2444,-158.13122_21.58145,True
2445,-157.85480_21.50777,True
2446,-158.03661_21.67996,True
2447,-157.87536_21.56910,True
2448,-158.14087_21.58215,True
2449,-157.91228_21.61262,True
2450,-157.90183_21.60429,True
2451,-157.84719_21.55022,True
2452,-158.03248_21.68088,True
2453,-158.04642_21.66884,True
2454,-158.11431_21.58768,True
2455,-157.84749_21.54638,True
2456,-158.22823_21.48034,True
2457,-158.18202_21.58059,True
2458,-157.85270_21.55477,True
2459,-157.84494_21.48012,True
2460,-158.04032_21.67314,True
2461,-158.03673_21.67915,True
2462,-157.91347_21.61698,True
2463,-158.11390_21.58823,True
2464,-158.17578_21.58060,True
2465,-158.10265_21.58754,True
2466,-157.87659_21.57196,True
2467,-158.22881_21.48282,True
2468,-158.11611_21.58902,True
2469,-157.84855_21.54981,True
2470,-158.12145_21.56615,True
2471,-158.15917_21.57961,True
2472,-158.10251_21.58878,True
2473,-158.22967_21.48146,True
2474,-157.91202_21.60758,True
2475,-158.07114_21.63063,True
2476,-157.85027_21.55187,True
2477,-157.84724_21.54967,True
2478,-158.11234_21.57623,True
2479,-158.11180_21.58802,True
2480,-158.11359_21.58797,True
2481,-158.11429_21.57707,True
2482,-157.87868_21.57477,True
2483,-158.03565_21.67929,True
2484,-158.15610_21.57876,True
2485,-157.88930_21.57546,True
2486,-158.13703_21.58218,True
2487,-157.85108_21.55441,True
2488,-158.03581_21.67766,True
2489,-158.04572_21.66937,True
2490,-158.10636_21.58177,True
2491,-158.03633_21.67845,True
2492,-157.90338_21.60493,True
2493,-157.84789_21.54900,True
2494,-157.92663_21.64886,True
2495,-157.91945_21.62337,True
2496,-158.06052_21.65366,True
2497,-158.10527_21.57840,True
2498,-157.84789_21.54773,True
2499,-158.07250_21.63010,True
2500,-158.14247_21.58171,True
2501,-158.15069_21.57979,True
2502,-158.10639_21.58143,True
2503,-158.12555_21.58106,True
2504,-158.12450_21.58025,True
2505,-158.12599_21.58114,True
2506,-158.12483_21.57991,True
2507,-158.03677_21.68088,True
2508,-157.89157_21.57772,True
2509,-157.91103_21.61111,True
2510,-157.85242_21.55538,True
2511,-158.15625_21.57593,True
2512,-157.90064_21.60260,True
2513,-158.03674_21.67671,True
2514,-158.14889_21.58090,True
2515,-158.11920_21.56599,True
2516,-158.11867_21.56598,True
2517,-158.11793_21.56649,True
2518,-158.01819_21.69273,True
2519,-158.22501_21.47853,True
2520,-157.91390_21.61873,True
2521,-157.91208_21.60662,True
2522,-157.90728_21.60268,True
2523,-157.90709_21.60176,True
2524,-157.90724_21.60218,True
2525,-157.91257_21.60803,True
2526,-157.84622_21.54467,True
2527,-157.90719_21.60478,True
2528,-157.91339_21.61086,True
2529,-157.85242_21.50004,True
2530,-157.84485_21.47965,True
2531,-158.10240_21.59371,True
2532,-158.11780_21.57590,True
2533,-157.88459_21.57835,True
2534,-157.90702_21.60363,True
2535,-158.03433_21.67996,True
2536,-158.03445_21.68039,True
2537,-158.10989_21.57560,True
2538,-158.10947_21.57566,True
2539,-158.09095_21.61431,True
2540,-158.09408_21.61305,True
2541,-158.09506_21.61151,True
2542,-158.09042_21.61398,True
2543,-158.11200_21.57188,True
2544,-158.11370_21.57479,True
2545,-158.19717_21.58129,True
2546,-158.19756_21.58130,True
2547,-158.11590_21.58092,True
2548,-158.15020_21.58066,True
2549,-158.10353_21.59246,True
2550,-157.91544_21.61460,True
2551,-158.14337_21.58189,True
2552,-158.14452_21.58172,True
2553,-158.12505_21.57755,True
2554,-157.91752_21.62256,True
2555,-157.92095_21.62582,True
2556,-158.11308_21.58447,True
2557,-157.91668_21.62170,True
2558,-157.91417_21.62077,True
2559,-158.10572_21.59213,True
2560,-158.10873_21.59262,True
2561,-157.84712_21.54950,True
2562,-157.92597_21.65122,True
2563,-157.93552_21.66432,True
2564,-158.11393_21.58502,True
2565,-158.01515_21.69594,True
2566,-158.03488_21.68091,True
2567,-158.13206_21.58184,True
2568,-158.03591_21.67878,True
2569,-158.10570_21.58139,True
2570,-158.11072_21.59008,True
2571,-158.19450_21.58123,True
2572,-157.94487_21.67560,True
2573,-158.10555_21.57940,True
2574,-158.03388_21.67956,True
2575,-157.85261_21.50077,True
2576,-158.15403_21.57723,True
2577,-158.11615_21.58045,True
2578,-157.91552_21.62149,True
2579,-157.93185_21.66196,True
2580,-158.08927_21.61513,True
2581,-158.07032_21.63303,True
2582,-158.15367_21.57461,True
2583,-158.13858_21.58169,True
2584,-157.88908_21.58772,True
2585,-158.03698_21.67637,True
2586,-158.07144_21.62995,True
2587,-158.10052_21.59207,True
2588,-158.11487_21.56507,True
2589,-158.07683_21.62507,True
2590,-158.19833_21.58146,True
2591,-157.88852_21.58716,True
2592,-157.89526_21.59212,True
2593,-158.11367_21.57213,True
2594,-158.07978_21.62348,True
2595,-158.01340_21.69690,True
2596,-157.91561_21.61835,True
2597,-157.89876_21.60230,True
2598,-158.03985_21.67347,True
2599,-158.11422_21.57639,True
2600,-158.20049_21.58173,True
2601,-157.87650_21.57387,True
2602,-158.11119_21.57639,True
2603,-158.11003_21.57964,True
2604,-157.93202_21.65608,True
2605,-157.90937_21.60849,True
2606,-158.15643_21.57544,True
2607,-158.07069_21.63265,True
2608,-157.92050_21.63357,True
2609,-158.11148_21.58833,True
2610,-158.12152_21.57546,True
2611,-158.15381_21.57897,True
2612,-158.11483_21.57526,True
2613,-157.90382_21.59948,True
2614,-158.04681_21.66884,True
2615,-157.93003_21.65924,True
2616,-157.93674_21.66649,True
2617,-158.11385_21.57521,True
2618,-158.04632_21.66884,True
2619,-158.10241_21.58878,True
2620,-158.15600_21.57876,True
2621,-158.12178_21.57440,True
2622,-158.15059_21.57979,True
2623,-158.10629_21.58143,True
2624,-158.10937_21.57566,True
2625,-157.92085_21.62582,True
2626,-158.10562_21.59213,True
2627,-158.10863_21.59262,True
2628,-157.97338_21.70695,True
2629,-157.97358_21.70695,True
2630,-158.03781_21.67820,True
2631,-158.03801_21.67820,True
2632,-158.15361_21.58025,True
2633,-158.15381_21.58025,True
2634,-158.10265_21.59606,True
2635,-158.10285_21.59606,True
2636,-158.22402_21.57730,True
2637,-158.22422_21.57730,True
2638,-158.13829_21.58168,True
2639,-158.13849_21.58168,True
2640,-158.03823_21.67894,True
2641,-158.03843_21.67894,True
2642,-157.84662_21.48358,True
2643,-157.84682_21.48358,True
2644,-158.06053_21.65429,True
2645,-158.06073_21.65429,True
2646,-158.13547_21.58254,True
2647,-158.13567_21.58254,True
2648,-158.06067_21.65405,True
2649,-158.06087_21.65405,True
2650,-158.10626_21.58177,True
2651,-158.10646_21.58177,True
2652,-158.11580_21.58092,True
2653,-158.11600_21.58092,True
2654,-158.13768_21.58216,True
2655,-158.13788_21.58216,True
2656,-158.13778_21.58226,True
2657,-157.87923_21.57472,True
2658,-157.87943_21.57472,True
2659,-157.87933_21.57482,True
2660,-158.22483_21.57876,True
2661,-158.22503_21.57876,True
2662,-158.22493_21.57886,True
2663,-158.13707_21.58166,True
2664,-158.13727_21.58166,True
2665,-158.13717_21.58176,True
2666,-157.92158_21.62770,True
2667,-157.92178_21.62770,True
2668,-157.92168_21.62780,True
2669,-157.91615_21.61962,True
2670,-157.91635_21.61962,True
2671,-157.91625_21.61972,True
2672,-158.13916_21.58167,True
2673,-158.13936_21.58167,True
2674,-158.13926_21.58177,True
2675,-158.13926_21.58157,True
2676,-158.03763_21.67745,True
2677,-158.03783_21.67745,True
2678,-158.03773_21.67755,True
2679,-158.03773_21.67735,True
2680,-158.13619_21.58304,True
2681,-158.13639_21.58304,True
2682,-158.13629_21.58314,True
2683,-158.13629_21.58294,True
2684,-158.11163_21.57164,True
2685,-158.11183_21.57164,True
2686,-158.11173_21.57174,True
2687,-158.11173_21.57154,True
2688,-158.06006_21.65505,True
2689,-157.94368_21.67610,True
2690,-157.94358_21.67610,True
2691,-157.91325_21.61819,True
2692,-157.91345_21.61819,True
2693,-157.91335_21.61829,True
2694,-157.91335_21.61809,True
2695,-157.91325_21.61829,True
2696,-157.91325_21.61809,True
2697,-157.91345_21.61829,True
2698,-158.13767_21.58291,True
2699,-158.13787_21.58291,True
2700,-158.13777_21.58301,True
2701,-158.13777_21.58281,True
2702,-158.13767_21.58301,True
2703,-158.13767_21.58281,True
2704,-158.13787_21.58301,True
2705,-158.13787_21.58281,True
2706,-158.18192_21.58059,True
2707,-158.18212_21.58059,True
2708,-158.18202_21.58069,True
2709,-158.18202_21.58049,True
2710,-158.18192_21.58069,True
2711,-158.18192_21.58049,True
2712,-158.18212_21.58069,True
2713,-158.18212_21.58049,True
2714,-158.12495_21.57755,True
2715,-158.12515_21.57755,True
2716,-158.12505_21.57765,True
2717,-158.12505_21.57745,True
2718,-158.12495_21.57765,True
2719,-158.12495_21.57745,True
2720,-158.12515_21.57765,True
2721,-158.12515_21.57745,True
2722,-157.70191_21.34077,True
2723,-158.09473_21.30825,True
2724,-158.09740_21.30817,True
2725,-157.84570_21.46872,True
2726,-158.00475_21.31873,True
2727,-157.79591_21.42442,True
2728,-157.74274_21.42677,True
2729,-157.84395_21.47331,True
2730,-158.11598_21.31643,True
2731,-158.00438_21.31434,True
2732,-158.09795_21.30954,True
2733,-157.84588_21.46941,True
2734,-157.67791_21.32373,True
2735,-157.68599_21.32658,True
2736,-157.69679_21.33482,True
2737,-158.00639_21.31606,True
2738,-157.84395_21.47354,True
2739,-158.16622_21.43778,True
2740,-157.79813_21.25727,True
2741,-157.74271_21.42739,True
2742,-158.20445_21.46330,True
2743,-157.72823_21.35087,True
2744,-157.83732_21.45477,True
2745,-157.84498_21.46945,True
2746,-157.83758_21.45434,True
2747,-157.67771_21.32361,True
2748,-158.11477_21.31588,True
2749,-158.00300_21.32539,True
2750,-157.79676_21.25799,True
2751,-158.14893_21.38930,True
2752,-157.79834_21.25725,True
2753,-158.00398_21.31569,True
2754,-158.09721_21.31154,True
2755,-157.74214_21.39364,True
2756,-157.69749_21.33693,True
2757,-158.09394_21.31142,True
2758,-158.00484_21.31739,True
2759,-158.00623_21.32186,True
2760,-157.73985_21.42783,True
2761,-158.00485_21.31401,True
2762,-158.00325_21.32119,True
2763,-158.00468_21.32246,True
2764,-158.00410_21.32308,True
2765,-158.09577_21.31296,True
2766,-157.73951_21.42538,True
2767,-157.84685_21.46208,True
2768,-157.73944_21.42829,True
2769,-157.69772_21.33440,True
2770,-157.70109_21.33811,True
2771,-157.70151_21.33836,True
2772,-157.84444_21.47086,True
2773,-158.00468_21.32512,True
2774,-157.84045_21.45391,True
2775,-158.10707_21.30638,True
2776,-158.20012_21.45877,True
2777,-157.69937_21.33976,True
2778,-157.69902_21.33943,True
2779,-157.69921_21.33932,True
2780,-158.11672_21.31740,True
2781,-158.16616_21.44024,True
2782,-158.09444_21.31242,True
2783,-157.70147_21.33790,True
2784,-158.13979_21.37879,True
2785,-157.83473_21.45083,True
2786,-157.83537_21.45008,True
2787,-158.09260_21.31052,True
2788,-158.09821_21.30126,True
2789,-158.10210_21.29763,True
2790,-158.03309_21.36404,True
2791,-158.10123_21.29996,True
2792,-158.09816_21.30308,True
2793,-158.10269_21.30133,True
2794,-158.10243_21.29971,True
2795,-158.13855_21.37217,True
2796,-158.17407_21.42906,True
2797,-157.84536_21.46971,True
2798,-157.69736_21.33673,True
2799,-157.70200_21.33872,True
2800,-158.09445_21.31107,True
2801,-157.84450_21.46977,True
2802,-157.84389_21.46402,True
2803,-158.10229_21.30894,True
2804,-157.70028_21.34114,True
2805,-157.69622_21.33398,True
2806,-157.94739_21.38435,True
2807,-158.10264_21.31262,True
2808,-157.84514_21.46320,True
2809,-158.09688_21.30907,True
2810,-158.00568_21.31675,True
2811,-158.14234_21.38131,True
2812,-158.14057_21.37933,True
2813,-158.00088_21.32816,True
2814,-158.00095_21.32841,True
2815,-158.10231_21.31121,True
2816,-158.10023_21.31102,True
2817,-158.14612_21.40190,True
2818,-157.69733_21.33564,True
2819,-158.10124_21.30515,True
2820,-157.69790_21.33754,True
2821,-158.09900_21.30606,True
2822,-157.84356_21.46420,True
2823,-157.70263_21.33938,True
2824,-158.17165_21.42644,True
2825,-158.20551_21.46310,True
2826,-157.69921_21.33503,True
2827,-158.00640_21.32328,True
2828,-157.76133_21.42793,True
2829,-158.17266_21.42283,True
2830,-158.03184_21.36556,True
2831,-157.74676_21.42212,True
2832,-157.74003_21.42619,True
2833,-157.73835_21.42606,True
2834,-157.84436_21.46938,True
2835,-157.69633_21.33508,True
2836,-158.13621_21.37073,True
2837,-157.72456_21.35546,True
2838,-158.17524_21.42789,True
2839,-157.83688_21.45369,True
2840,-158.11113_21.32500,True
2841,-157.73712_21.39280,True
2842,-158.16432_21.44284,True
2843,-158.18412_21.44816,True
2844,-158.13646_21.37162,True
2845,-158.10423_21.31107,True
2846,-157.74344_21.42676,True
2847,-158.16651_21.43835,True
2848,-157.69908_21.33486,True
2849,-158.10620_21.30482,True
2850,-158.10004_21.31294,True
2851,-158.10006_21.30136,True
2852,-158.09774_21.30034,True
2853,-158.10151_21.30424,True
2854,-158.10258_21.30068,True
2855,-158.10585_21.29847,True
2856,-158.08790_21.30574,True
2857,-158.18525_21.44416,True
2858,-158.00426_21.32355,True
2859,-158.00698_21.32207,True
2860,-157.69712_21.33358,True
2861,-158.09785_21.30894,True
2862,-157.69991_21.33577,True
2863,-158.09415_21.31066,True
2864,-158.00103_21.32295,True
2865,-157.84414_21.46874,True
2866,-157.69627_21.33347,True
2867,-157.69646_21.33335,True
2868,-157.70278_21.34065,True
2869,-157.74233_21.42705,True
2870,-158.09914_21.30877,True
2871,-157.74246_21.42627,True
2872,-157.69931_21.33802,True
2873,-157.70083_21.34090,True
2874,-158.00535_21.32281,True
2875,-157.74052_21.42750,True
2876,-158.14084_21.37790,True
2877,-157.80141_21.25647,True
2878,-158.00559_21.31685,True
2879,-158.00438_21.32544,True
2880,-157.84459_21.47003,True
2881,-158.10435_21.31178,True
2882,-157.70004_21.33593,True
2883,-157.72761_21.34922,True
2884,-157.70007_21.33806,True
2885,-158.09667_21.30967,True
2886,-157.70302_21.33915,True
2887,-158.00529_21.31502,True
2888,-157.83172_21.45844,True
2889,-157.71556_21.34729,True
2890,-157.84762_21.45939,True
2891,-157.83531_21.45168,True
2892,-158.13701_21.37230,True
2893,-157.70041_21.34126,True
2894,-157.69498_21.32820,True
2895,-157.70108_21.33711,True
2896,-158.10130_21.30876,True
2897,-158.09981_21.30867,True
2898,-158.16697_21.43862,True
2899,-158.18390_21.44787,True
2900,-157.72882_21.35028,True
2901,-157.84465_21.47016,True
2902,-157.73888_21.42624,True
2903,-157.73885_21.42525,True
2904,-157.84428_21.46913,True
2905,-158.00464_21.32176,True
2906,-158.09832_21.30191,True
2907,-158.09752_21.29743,True
2908,-158.09875_21.30463,True
2909,-158.16475_21.41836,True
2910,-158.18595_21.44598,True
2911,-158.13675_21.37210,True
2912,-157.74260_21.42833,True
2913,-157.71583_21.36226,True
2914,-157.83856_21.45753,True
2915,-158.00354_21.31394,True
2916,-158.00608_21.32265,True
2917,-158.09743_21.30625,True
2918,-157.79766_21.25743,True
2919,-158.11721_21.31808,True
2920,-158.00478_21.31423,True
2921,-158.14509_21.38014,True
2922,-158.00065_21.32263,True
2923,-158.09919_21.30730,True
2924,-158.10247_21.31008,True
2925,-157.84600_21.47067,True
2926,-157.67842_21.32398,True
2927,-157.69745_21.33581,True
2928,-157.74389_21.42572,True
2929,-157.69610_21.33357,True
2930,-158.13793_21.37176,True
2931,-158.00086_21.32737,True
2932,-158.10973_21.29988,True
2933,-157.70246_21.33996,True
2934,-158.11921_21.32049,True
2935,-157.69568_21.33420,True
2936,-158.11517_21.31747,True
2937,-158.00060_21.32796,True
2938,-157.84423_21.46900,True
2939,-157.74569_21.42352,True
2940,-158.03126_21.36865,True
2941,-157.69877_21.33780,True
2942,-157.68838_21.32756,True
2943,-157.67934_21.32444,True
2944,-157.84386_21.47275,True
2945,-158.14033_21.38319,True
2946,-157.68663_21.32677,True
2947,-157.70092_21.33870,True
2948,-158.00533_21.31957,True
2949,-158.00390_21.32436,True
2950,-158.21909_21.47209,True
2951,-158.10051_21.30995,True
2952,-158.00691_21.32274,True
2953,-157.84441_21.46951,True
2954,-158.20326_21.46235,True
2955,-157.73996_21.42562,True
2956,-157.69822_21.33639,True
2957,-158.02971_21.36941,True
2958,-158.00445_21.31995,True
2959,-158.00391_21.32116,True
2960,-157.84504_21.47109,True
2961,-157.74040_21.42830,True
2962,-157.72462_21.38885,True
2963,-157.89148_21.31699,True
2964,-158.16671_21.44185,True
2965,-158.16470_21.44449,True
2966,-158.13836_21.37455,True
2967,-158.11617_21.31689,True
2968,-158.10886_21.30157,True
2969,-158.00495_21.31490,True
2970,-158.14096_21.38377,True
2971,-157.99319_21.32060,True
2972,-157.76389_21.42666,True
2973,-157.84329_21.45882,True
2974,-157.70307_21.33985,True
2975,-158.18502_21.44213,True
2976,-158.17363_21.42944,True
2977,-157.81355_21.25611,True
2978,-158.00451_21.31487,True
2979,-157.70269_21.34032,True
2980,-158.00449_21.32374,True
2981,-158.14194_21.38143,True
2982,-158.09546_21.31106,True
2983,-158.11432_21.31597,True
2984,-158.00548_21.31525,True
2985,-157.69823_21.33699,True
2986,-157.74348_21.42603,True
2987,-157.81742_21.25789,True
2988,-157.68347_21.32524,True
2989,-158.00823_21.32064,True
2990,-157.70187_21.33929,True
2991,-158.13727_21.37080,True
2992,-157.69741_21.33458,True
2993,-158.10291_21.30275,True
2994,-157.69740_21.33392,True
2995,-158.18566_21.44399,True
2996,-158.09950_21.30933,True
2997,-157.74092_21.42784,True
2998,-157.79781_21.25782,True
2999,-157.70145_21.33904,True
3000,-158.17054_21.42486,True
3001,-157.69848_21.33409,True
3002,-157.70191_21.33800,True
3003,-158.00465_21.31366,True
3004,-157.70094_21.34047,True
3005,-158.11736_21.31707,True
3006,-157.74650_21.42247,True
3007,-157.84329_21.46676,True
3008,-158.17398_21.42265,True
3009,-157.84454_21.46990,True
3010,-157.7393_21.42449,True
3011,-157.74030_21.42631,True
3012,-158.00403_21.32221,True
3013,-158.16232_21.43844,True
3014,-158.19814_21.45723,True
3015,-158.20189_21.45949,True
3016,-157.73876_21.42816,True
3017,-157.72486_21.35492,True
3018,-157.84239_21.45602,True
3019,-158.00363_21.31434,True
3020,-157.84294_21.46761,True
3021,-157.84353_21.47330,True
3022,-157.74168_21.42609,True
3023,-158.09365_21.30745,True
3024,-158.00114_21.32218,True
3025,-158.14092_21.37819,True
3026,-158.11892_21.31971,True
3027,-158.09891_21.30545,True
3028,-157.83502_21.45117,True
3029,-157.95571_21.33289,True
3030,-158.09940_21.30145,True
3031,-158.10116_21.29953,True
3032,-158.09286_21.29789,True
3033,-158.09134_21.30319,True
3034,-158.16490_21.43897,True
3035,-158.09047_21.31237,True
3036,-157.69720_21.33648,True
3037,-158.00798_21.32101,True
3038,-158.09604_21.30807,True
3039,-158.18776_21.44174,True
3040,-158.14287_21.38082,True
3041,-158.18587_21.44391,True
3042,-158.10190_21.30506,True
3043,-157.74446_21.42509,True
3044,-158.00334_21.32400,True
3045,-157.69774_21.33730,True
3046,-158.20477_21.46293,True
3047,-157.69694_21.33368,True
3048,-158.03054_21.36985,True
3049,-158.09538_21.30816,True
3050,-158.03296_21.36379,True
3051,-157.70061_21.33649,True
3052,-157.84419_21.46887,True
3053,-157.70160_21.34087,True
3054,-157.69845_21.33673,True
3055,-157.70258_21.34014,True
3056,-157.76247_21.37979,True
3057,-158.10181_21.30839,True
3058,-158.16812_21.43405,True
3059,-157.68427_21.32561,True
3060,-158.09886_21.30299,True
3061,-157.70047_21.33899,True
3062,-158.00594_21.31594,True
3063,-157.73918_21.42470,True
3064,-158.19966_21.45842,True
3065,-158.17143_21.42562,True
3066,-157.68718_21.32610,True
3067,-157.74369_21.42589,True
3068,-158.10193_21.30662,True
3069,-157.69986_21.33944,True
3070,-158.00587_21.32326,True
3071,-157.69743_21.33340,True
3072,-158.16367_21.44208,True
3073,-158.18089_21.45413,True
3074,-157.84277_21.46682,True
3075,-157.68664_21.32604,True
3076,-158.09492_21.31314,True
3077,-158.00579_21.32052,True
3078,-158.00184_21.32186,True
3079,-157.83516_21.44953,True
3080,-158.14073_21.38319,True
3081,-158.03257_21.36474,True
3082,-158.14059_21.37760,True
3083,-158.10451_21.31271,True
3084,-157.83623_21.45377,True
3085,-157.83514_21.44818,True
3086,-157.72585_21.35455,True
3087,-157.74288_21.42834,True
3088,-157.74222_21.42831,True
3089,-157.76296_21.42804,True
3090,-157.69978_21.34038,True
3091,-158.00520_21.31727,True
3092,-158.10063_21.30705,True
3093,-158.10830_21.30171,True
3094,-157.70252_21.34064,True
3095,-158.00619_21.32147,True
3096,-158.10068_21.29973,True
3097,-157.68685_21.32603,True
3098,-157.84555_21.46318,True
3099,-158.09804_21.31011,True
3100,-158.09620_21.30705,True
3101,-157.68108_21.32510,True
3102,-158.10947_21.30142,True
3103,-157.69982_21.33659,True
3104,-158.00450_21.31369,True
3105,-158.09851_21.31121,True
3106,-157.84588_21.46309,True
3107,-158.11798_21.31588,True
3108,-157.74588_21.42328,True
3109,-157.70122_21.34089,True
3110,-158.03030_21.36943,True
3111,-157.70231_21.34071,True
3112,-157.69906_21.33590,True
3113,-157.70133_21.33960,True
3114,-157.68683_21.32686,True
3115,-157.68400_21.32548,True
3116,-157.69932_21.33687,True
3117,-158.13838_21.37204,True
3118,-157.70036_21.33741,True
3119,-157.69951_21.33612,True
3120,-157.69711_21.33298,True
3121,-157.79621_21.42439,True
3122,-157.70178_21.33783,True
3123,-158.11656_21.31544,True
3124,-157.79329_21.25553,True
3125,-158.00296_21.32395,True
3126,-157.69929_21.33625,True
3127,-158.11710_21.31610,True
3128,-157.74081_21.42716,True
3129,-158.14161_21.38396,True
3130,-157.79515_21.42492,True
3131,-157.84695_21.46052,True
3132,-157.80046_21.25674,True
3133,-158.00371_21.31462,True
3134,-157.99671_21.31384,True
3135,-158.09211_21.30770,True
3136,-157.83802_21.45787,True
3137,-158.16682_21.43454,True
3138,-157.79856_21.25726,True
3139,-158.18254_21.44473,True
3140,-158.10179_21.30573,True
3141,-158.11164_21.31013,True
3142,-158.10081_21.29833,True
3143,-158.09633_21.30136,True
3144,-158.11959_21.32288,True
3145,-158.18495_21.45014,True
3146,-158.19877_21.45991,True
3147,-157.69309_21.33079,True
3148,-157.69713_21.33475,True
3149,-157.70252_21.33879,True
3150,-157.84361_21.46051,True
3151,-157.81519_21.45247,True
3152,-157.69555_21.33404,True
3153,-157.69757_21.33599,True
3154,-158.09405_21.31008,True
3155,-157.84444_21.46391,True
3156,-157.70009_21.33919,True
3157,-157.79309_21.25544,True
3158,-158.00519_21.32458,True
3159,-158.11713_21.31922,True
3160,-157.70000_21.33648,True
3161,-157.69695_21.33610,True
3162,-157.70031_21.34031,True
3163,-158.09622_21.30581,True
3164,-157.72409_21.35386,True
3165,-157.84395_21.47369,True
3166,-157.74097_21.42575,True
3167,-157.79440_21.25607,True
3168,-157.70044_21.33849,True
3169,-158.10399_21.30951,True
3170,-158.00112_21.32803,True
3171,-158.18354_21.45081,True
3172,-158.10110_21.30033,True
3173,-157.69769_21.33325,True
3174,-157.69966_21.34020,True
3175,-158.00661_21.32306,True
3176,-158.10351_21.30660,True
3177,-158.14189_21.38428,True
3178,-157.70032_21.33792,True
3179,-157.71058_21.33883,True
3180,-157.68184_21.32541,True
3181,-158.10058_21.30886,True
3182,-157.94773_21.38451,True
3183,-157.74023_21.42721,True
3184,-158.03121_21.36968,True
3185,-157.83631_21.45201,True
3186,-158.11652_21.31881,True
3187,-157.70005_21.33973,True
3188,-157.69895_21.33470,True
3189,-158.11786_21.31512,True
3190,-157.70200_21.33986,True
3191,-158.00441_21.31448,True
3192,-157.70069_21.33835,True
3193,-158.11855_21.31841,True
3194,-158.14153_21.38424,True
3195,-158.17416_21.42343,True
3196,-157.83589_21.45182,True
3197,-157.73933_21.42527,True
3198,-157.73839_21.42796,True
3199,-157.73970_21.42560,True
3200,-158.00381_21.32033,True
3201,-158.20436_21.46142,True
3202,-157.84501_21.46864,True
3203,-158.09787_21.31279,True
3204,-158.03129_21.37058,True
3205,-158.03018_21.36187,True
3206,-158.20031_21.46047,True
3207,-158.17274_21.42856,True
3208,-158.00368_21.31449,True
3209,-158.18597_21.44573,True
3210,-157.93794_21.31813,True
3211,-158.10130_21.30268,True
3212,-158.09651_21.29883,True
3213,-158.09463_21.30825,True
3214,-158.11467_21.31588,True
3215,-158.14883_21.38930,True
3216,-157.69762_21.33440,True
3217,-157.84035_21.45391,True
3218,-157.83527_21.45008,True
3219,-158.10254_21.31262,True
3220,-158.10221_21.31121,True
3221,-158.10013_21.31102,True
3222,-158.17155_21.42644,True
3223,-157.74666_21.42212,True
3224,-157.72446_21.35546,True
3225,-158.18402_21.44816,True
3226,-157.69488_21.32820,True
3227,-158.10120_21.30876,True
3228,-157.84455_21.47016,True
3229,-158.16465_21.41836,True
3230,-157.83846_21.45753,True
3231,-158.10237_21.31008,True
3232,-157.72452_21.38885,True
3233,-157.81732_21.25789,True
3234,-157.70181_21.33800,True
3235,-157.73866_21.42816,True
3236,-158.09355_21.30745,True
3237,-158.09528_21.30816,True
3238,-158.17133_21.42562,True
3239,-157.83506_21.44953,True
3240,-158.14049_21.37760,True
3241,-158.09201_21.30770,True
3242,-157.69299_21.33079,True
3243,-158.10100_21.30033,True
3244,-158.11776_21.31512,True
3245,-157.93784_21.31813,True
3246,-158.09711_21.31154,True
3247,-158.09731_21.31154,True
3248,-158.10697_21.30638,True
3249,-158.10717_21.30638,True
3250,-158.17397_21.42906,True
3251,-158.17417_21.42906,True
3252,-158.10610_21.30482,True
3253,-158.10630_21.30482,True
3254,-157.72872_21.35028,True
3255,-157.72892_21.35028,True
3256,-158.02961_21.36941,True
3257,-158.02981_21.36941,True
3258,-158.09124_21.30319,True
3259,-158.09144_21.30319,True
3260,-158.18766_21.44174,True
3261,-158.18786_21.44174,True
3262,-158.10183_21.30662,True
3263,-158.10203_21.30662,True
3264,-158.10053_21.30705,True
3265,-158.10073_21.30705,True
3266,-158.11103_21.32500,True
3267,-158.11123_21.32500,True
3268,-158.11113_21.32510,True
3269,-157.74640_21.42247,True
3270,-157.74660_21.42247,True
3271,-157.74650_21.42257,True
3272,-157.84267_21.46682,True
3273,-157.84287_21.46682,True
3274,-157.84277_21.46692,True
3275,-158.10575_21.29847,True
3276,-158.10595_21.29847,True
3277,-158.10585_21.29857,True
3278,-158.10585_21.29837,True
3279,-158.03247_21.36474,True
3280,-158.03267_21.36474,True
3281,-158.03257_21.36484,True
3282,-158.03257_21.36464,True
3283,-158.03247_21.36484,True
3284,-158.11154_21.31013,True
3285,-158.11174_21.31013,True
3286,-158.11164_21.31023,True
3287,-158.11164_21.31003,True
3288,-158.11154_21.31023,True
3289,-158.11154_21.31003,True
3290,-158.09037_21.31237,True
3291,-158.09057_21.31237,True
3292,-158.09047_21.31247,True
3293,-158.09047_21.31227,True
3294,-158.09037_21.31247,True
3295,-158.09037_21.31227,True
3296,-158.09057_21.31247,True
3297,-158.09057_21.31227,True
3298,-156.44180_20.66594,True
3299,-157.01380_21.08445,True
3300,-156.76810_21.09030,True
3301,-159.57513_22.22328,True
3302,-158.05894_21.65662,True
3303,-158.05275_21.66310,True
3304,-158.04366_21.67178,True
3305,-158.05935_21.65619,True
3306,-158.04890_21.66661,True
3307,-158.04959_21.66603,True
3308,-158.04911_21.66643,True
3309,-158.04443_21.67125,True
3310,-158.04802_21.66736,True
3311,-158.05146_21.66439,True
3312,-158.05030_21.66523,True
3313,-158.04981_21.66585,True
3314,-158.04793_21.66747,True
3315,-158.04970_21.66594,True
3316,-158.05295_21.66290,True
3317,-158.04298_21.67211,True
3318,-158.04813_21.66726,True
3319,-158.05080_21.66503,True
3320,-158.04775_21.66767,True
3321,-158.05250_21.66335,True
3322,-158.06006_21.65515,True
3323,-158.05996_21.65515,True
3324,-158.06016_21.65515,True
3325,-158.06006_21.65525,True
