,Uid,In_WellCZ_C
0,-155.77293_19.10842,True
1,-155.77006_19.11674,True
2,-155.77196_19.10771,True
3,-155.76408_19.08738,True
4,-155.76610_19.08870,True
5,-155.77469_19.11530,True
6,-155.76574_19.09562,True
7,-155.76557_19.09003,True
8,-155.77316_19.10978,True
9,-155.77007_19.11330,True
10,-155.76301_19.09707,True
11,-155.77017_19.10606,True
12,-155.76630_19.09527,True
13,-155.77237_19.10121,True
14,-155.77107_19.10850,True
15,-155.77191_19.11083,True
16,-155.76994_19.10542,True
17,-155.76890_19.09458,True
18,-155.76226_19.08907,True
19,-155.76820_19.09604,True
20,-155.76814_19.09586,True
21,-155.76343_19.10017,True
22,-155.76870_19.10107,True
23,-155.76661_19.11478,True
24,-155.77078_19.11413,True
25,-155.76422_19.10046,True
26,-155.76958_19.10096,True
27,-155.76817_19.10035,True
28,-155.76444_19.09000,True
29,-155.76474_19.09071,True
30,-155.76655_19.09012,True
31,-155.76584_19.09076,True
32,-155.76773_19.10686,True
33,-155.77163_19.09576,True
34,-155.77443_19.10360,True
35,-155.77393_19.10222,True
36,-155.77214_19.10057,True
37,-155.77079_19.11532,True
38,-155.77136_19.11272,True
39,-155.77447_19.11791,True
40,-155.76746_19.08870,True
41,-155.77314_19.10679,True
42,-155.77299_19.11047,True
43,-155.76773_19.11786,True
44,-155.76784_19.11818,True
45,-155.76475_19.10831,True
46,-155.77404_19.12166,True
47,-155.77067_19.11842,True
48,-155.77455_19.10392,True
49,-155.76590_19.09651,True
50,-155.76710_19.11615,True
51,-155.76237_19.09538,True
52,-155.76983_19.10169,True
53,-155.77016_19.10265,True
54,-155.76350_19.09501,True
55,-155.76326_19.09437,True
56,-155.77241_19.11221,True
57,-155.76898_19.10267,True
58,-155.76959_19.10436,True
59,-155.77584_19.11073,True
60,-155.77093_19.10244,True
61,-155.77290_19.10462,True
62,-155.76952_19.12171,True
63,-155.76971_19.09378,True
64,-155.77090_19.11907,True
65,-155.76511_19.10286,True
66,-155.76603_19.11309,True
67,-155.77416_19.11181,True
68,-155.77441_19.11173,True
69,-155.76303_19.09400,True
70,-155.76934_19.09274,True
71,-155.76945_19.09305,True
72,-155.76654_19.10345,True
73,-155.76894_19.10179,True
74,-155.76266_19.08757,True
75,-155.77297_19.09949,True
76,-155.76850_19.09041,True
77,-155.76864_19.09192,True
78,-155.76532_19.09252,True
79,-155.76898_19.11490,True
80,-155.76944_19.11503,True
81,-155.76457_19.09693,True
82,-155.76957_19.09005,True
83,-155.76479_19.08937,True
84,-155.77165_19.09470,True
85,-155.76822_19.10823,True
86,-155.87740_19.46316,True
87,-155.88040_19.45568,True
88,-155.88367_19.45479,True
89,-155.87772_19.45744,True
90,-155.87987_19.45896,True
91,-155.87555_19.44413,True
92,-155.87703_19.46084,True
93,-155.88838_19.45766,True
94,-155.87962_19.44530,True
95,-155.92072_19.52478,True
96,-155.91597_19.52637,True
97,-155.91142_19.51080,True
98,-155.91402_19.52087,True
99,-155.91668_19.52221,True
100,-155.91927_19.51864,True
101,-155.91890_19.51775,True
102,-155.91732_19.51739,True
103,-155.90010_19.49404,True
104,-155.89879_19.49456,True
105,-155.89918_19.49550,True
106,-155.89326_19.49752,True
107,-155.90973_19.50481,True
108,-155.91260_19.50445,True
109,-155.90081_19.49125,True
110,-155.91343_19.52503,True
111,-155.91905_19.51821,True
112,-155.89430_19.49987,True
113,-155.90133_19.50047,True
114,-155.90344_19.50014,True
115,-155.90647_19.49934,True
116,-155.90137_19.49536,True
117,-155.91711_19.52700,True
118,-155.91840_19.52626,True
119,-155.91564_19.51036,True
120,-155.90302_19.49500,True
121,-155.89581_19.50053,True
122,-155.91972_19.52045,True
123,-155.91795_19.51651,True
124,-155.91839_19.52886,True
125,-155.91091_19.52405,True
126,-155.89648_19.49914,True
127,-155.91109_19.51090,True
128,-155.91646_19.52583,True
129,-155.91774_19.52550,True
130,-155.91575_19.52578,True
131,-155.91887_19.52062,True
132,-155.92005_19.52072,True
133,-155.90847_19.50673,True
134,-155.90788_19.50617,True
135,-155.91748_19.51541,True
136,-155.91952_19.52986,True
137,-155.90912_19.50175,True
138,-155.90985_19.50410,True
139,-155.89807_19.49793,True
140,-155.90907_19.51145,True
141,-155.91801_19.52546,True
142,-155.91742_19.52556,True
143,-155.90388_19.51286,True
144,-155.90480_19.51251,True
145,-155.91315_19.51079,True
146,-155.91316_19.51019,True
147,-155.91269_19.51043,True
148,-155.91227_19.51068,True
149,-155.91028_19.50308,True
150,-155.91315_19.51051,True
151,-155.94401_19.57986,True
152,-155.95103_19.58600,True
153,-155.94792_19.58894,True
154,-155.94705_19.58698,True
155,-155.95256_19.58435,True
156,-155.94117_19.58918,True
157,-155.94439_19.58201,True
158,-155.10306_19.55527,True
159,-155.10452_19.55401,True
160,-155.00204_19.51205,True
161,-155.00201_19.51283,True
162,-155.00178_19.51245,True
163,-155.00166_19.51226,True
164,-155.00131_19.51168,True
165,-155.00169_19.51148,True
166,-155.00181_19.51167,True
167,-154.99870_19.51490,True
168,-154.99916_19.51566,True
169,-155.00138_19.51473,True
170,-155.00126_19.51454,True
171,-155.00967_19.51147,True
172,-155.10340_19.55600,True
173,-155.10287_19.55589,True
174,-155.00875_19.50994,True
175,-155.00864_19.50975,True
176,-154.95724_19.50859,True
177,-155.00427_19.51008,True
178,-155.00985_19.50986,True
179,-155.00648_19.50889,True
180,-155.00846_19.50756,True
181,-155.00809_19.50720,True
182,-155.00755_19.50983,True
183,-155.00743_19.50964,True
184,-155.00720_19.50926,True
185,-155.00950_19.50929,True
186,-155.00634_19.50972,True
187,-155.00841_19.50937,True
188,-155.00818_19.50898,True
189,-155.00263_19.51016,True
190,-155.00806_19.50879,True
191,-155.00485_19.50895,True
192,-155.00526_19.50873,True
193,-155.00384_19.50950,True
194,-155.00404_19.50939,True
195,-155.00562_19.50935,True
196,-155.02639_19.51426,True
197,-154.99203_19.51596,True
198,-155.02864_19.51604,True
199,-155.00348_19.51254,True
200,-155.00336_19.51235,True
201,-154.99586_19.51385,True
202,-154.99606_19.51374,True
203,-154.99626_19.51363,True
204,-155.01210_19.51549,True
205,-155.00861_19.51053,True
206,-154.99627_19.51571,True
207,-154.99604_19.51533,True
208,-155.00475_19.51465,True
209,-154.99701_19.51505,True
210,-155.00212_19.51407,True
211,-155.01057_19.51378,True
212,-155.01092_19.51436,True
213,-155.01103_19.51455,True
214,-154.99433_19.51525,True
215,-155.00060_19.51126,True
216,-155.00083_19.51195,True
217,-155.00189_19.51369,True
218,-155.00379_19.51390,True
219,-154.99457_19.51563,True
220,-154.99469_19.51582,True
221,-154.99386_19.51551,True
222,-155.00600_19.51295,True
223,-154.99569_19.51476,True
224,-155.00849_19.51516,True
225,-155.00591_19.51174,True
226,-155.00351_19.51532,True
227,-155.00374_19.51570,True
228,-155.00824_19.51098,True
229,-155.00017_19.51463,True
230,-155.00764_19.51461,True
231,-154.99223_19.51585,True
232,-154.99531_19.51497,True
233,-155.00112_19.51513,True
234,-155.00068_19.51254,True
235,-155.01090_19.51539,True
236,-155.01055_19.51481,True
237,-155.00663_19.51210,True
238,-155.00859_19.51155,True
239,-154.99577_19.51573,True
240,-154.99789_19.51356,True
241,-154.99777_19.51337,True
242,-154.99868_19.51231,True
243,-155.00832_19.51195,True
244,-155.00893_19.51213,True
245,-155.00389_19.51028,True
246,-155.00465_19.51343,True
247,-155.02256_19.51300,True
248,-155.00981_19.51547,True
249,-155.00992_19.51566,True
250,-155.00445_19.51227,True
251,-155.00422_19.51189,True
252,-155.00539_19.51278,True
253,-154.99808_19.51577,True
254,-155.00401_19.51531,True
255,-155.00389_19.51512,True
256,-155.00796_19.51240,True
257,-154.99982_19.51300,True
258,-154.99959_19.51262,True
259,-155.01281_19.51560,True
260,-155.00509_19.51039,True
261,-155.00959_19.51405,True
262,-155.00971_19.51425,True
263,-155.00982_19.51444,True
264,-155.00900_19.51412,True
265,-155.00811_19.51537,True
266,-154.99654_19.51429,True
267,-155.00285_19.51339,True
268,-154.99980_19.51483,True
269,-155.00040_19.51501,True
270,-155.01356_19.51496,True
271,-155.00182_19.51060,True
272,-155.01148_19.51152,True
273,-155.01160_19.51171,True
274,-155.01215_19.51369,True
275,-155.01310_19.51419,True
276,-155.00313_19.51197,True
277,-155.01166_19.51370,True
278,-155.00367_19.51370,True
279,-154.99968_19.51464,True
280,-155.00192_19.51186,True
281,-155.00162_19.51071,True
282,-154.99965_19.51565,True
283,-154.99954_19.51545,True
284,-155.00477_19.51362,True
285,-155.00910_19.51052,True
286,-155.00890_19.51291,True
287,-155.00948_19.51386,True
288,-155.01229_19.51285,True
289,-155.00554_19.51219,True
290,-155.00543_19.51200,True
291,-154.95900_19.51112,True
292,-154.92596_19.52207,True
293,-154.92457_19.52287,True
294,-155.04950_19.60555,True
295,-155.94049_19.61655,True
296,-155.94888_19.61523,True
297,-155.94683_19.61482,True
298,-155.94779_19.61565,True
299,-155.94772_19.61456,True
300,-155.94605_19.61622,True
301,-155.94192_19.61645,True
302,-155.94447_19.61482,True
303,-155.94334_19.61678,True
304,-155.94045_19.64554,True
305,-155.94994_19.64774,True
306,-155.95161_19.64817,True
307,-155.94409_19.64728,True
308,-155.93847_19.64876,True
309,-155.94738_19.64844,True
310,-155.94702_19.64938,True
311,-155.94495_19.64829,True
312,-155.94168_19.64995,True
313,-155.05638_19.63213,True
314,-155.05241_19.63363,True
315,-155.12361_19.66042,True
316,-155.96685_19.67639,True
317,-155.96496_19.68023,True
318,-155.96795_19.67996,True
319,-155.96632_19.68007,True
320,-155.96706_19.67834,True
321,-155.96762_19.67775,True
322,-155.96736_19.67878,True
323,-155.96804_19.67855,True
324,-155.96719_19.68084,True
325,-155.96712_19.67537,True
326,-155.96529_19.67812,True
327,-155.12447_19.62709,True
328,-155.12146_19.62984,True
329,-155.05367_19.63293,True
330,-155.05185_19.63300,True
331,-155.05140_19.63361,True
332,-155.05502_19.63215,True
333,-155.05300_19.63224,True
334,-155.03916_19.63087,True
335,-155.03644_19.62947,True
336,-155.05499_19.60921,True
337,-155.05249_19.63254,True
338,-155.13598_19.65982,True
339,-155.12397_19.66080,True
340,-155.12099_19.65057,True
341,-155.12521_19.65144,True
342,-155.13167_19.66019,True
343,-155.11953_19.64770,True
344,-155.12821_19.65673,True
345,-155.12729_19.66114,True
346,-155.11323_19.65525,True
347,-155.11830_19.65485,True
348,-155.13321_19.66056,True
349,-155.08360_19.66962,True
350,-155.08355_19.66904,True
351,-155.08651_19.66972,True
352,-155.08591_19.67071,True
353,-155.08333_19.66861,True
354,-155.08298_19.66863,True
355,-155.08307_19.66956,True
356,-155.08217_19.67002,True
357,-155.09437_19.67285,True
358,-155.09439_19.67312,True
359,-155.08658_19.67061,True
360,-155.08841_19.67046,True
361,-155.08802_19.67061,True
362,-155.08115_19.66877,True
363,-155.07514_19.66915,True
364,-155.07176_19.67095,True
365,-155.07558_19.64887,True
366,-155.07260_19.66965,True
367,-155.07314_19.66961,True
368,-155.07316_19.66991,True
369,-155.07319_19.67022,True
370,-155.07321_19.67052,True
371,-155.07361_19.67050,True
372,-155.07356_19.66988,True
373,-155.07354_19.66958,True
374,-155.07410_19.66985,True
375,-155.08080_19.66981,True
376,-155.07459_19.65123,True
377,-155.07423_19.65092,True
378,-155.07665_19.64980,True
379,-155.07413_19.67015,True
380,-155.07415_19.67046,True
381,-155.07386_19.65061,True
382,-155.98025_19.71642,True
383,-155.97006_19.70183,True
384,-155.97029_19.70249,True
385,-155.97682_19.71314,True
386,-155.97714_19.71451,True
387,-155.97646_19.71098,True
388,-155.97630_19.71100,True
389,-155.97614_19.71102,True
390,-155.97598_19.71102,True
391,-155.95916_19.69746,True
392,-155.96086_19.70451,True
393,-155.97355_19.71151,True
394,-155.97631_19.70588,True
395,-155.97361_19.70750,True
396,-155.95952_19.70718,True
397,-155.97167_19.69388,True
398,-155.97742_19.71608,True
399,-155.96016_19.70743,True
400,-155.96091_19.70791,True
401,-155.97681_19.71251,True
402,-155.96563_19.69943,True
403,-155.97052_19.70314,True
404,-155.97072_19.70383,True
405,-155.96019_19.70097,True
406,-155.96167_19.70111,True
407,-155.96085_19.70022,True
408,-155.97580_19.71101,True
409,-155.97561_19.71108,True
410,-155.97557_19.70543,True
411,-155.97638_19.70926,True
412,-155.97853_19.71311,True
413,-155.97643_19.71153,True
414,-155.97689_19.71211,True
415,-155.97901_19.71064,True
416,-155.97863_19.71054,True
417,-155.97818_19.71040,True
418,-155.97766_19.71046,True
419,-155.96735_19.69896,True
420,-155.96805_19.69935,True
421,-155.97236_19.69335,True
422,-155.96403_19.70478,True
423,-155.95827_19.70950,True
424,-155.97713_19.70651,True
425,-155.96215_19.69987,True
426,-155.96131_19.69948,True
427,-155.96079_19.69617,True
428,-155.96140_19.69514,True
429,-155.96228_19.69485,True
430,-155.96217_19.69599,True
431,-155.96306_19.69521,True
432,-155.96370_19.69416,True
433,-155.96436_19.69454,True
434,-155.96407_19.69546,True
435,-155.96387_19.69636,True
436,-155.95935_19.69575,True
437,-155.95968_19.70184,True
438,-155.98079_19.72947,True
439,-155.98078_19.72972,True
440,-155.98078_19.72996,True
441,-155.97707_19.73079,True
442,-155.97262_19.73182,True
443,-155.98318_19.73082,True
444,-155.97751_19.70859,True
445,-155.96508_19.69554,True
446,-155.96499_19.69662,True
447,-155.96472_19.69743,True
448,-155.96453_19.69835,True
449,-155.97587_19.71297,True
450,-155.97567_19.70209,True
451,-155.96832_19.69301,True
452,-155.97045_19.69354,True
453,-155.96988_19.69255,True
454,-155.96065_19.70606,True
455,-155.95995_19.70553,True
456,-155.96445_19.70395,True
457,-155.96335_19.70545,True
458,-155.96768_19.70008,True
459,-155.96799_19.70077,True
460,-155.96823_19.70146,True
461,-155.96846_19.70216,True
462,-155.96870_19.70285,True
463,-155.96893_19.70355,True
464,-155.96921_19.70426,True
465,-155.97303_19.70207,True
466,-155.97224_19.70332,True
467,-155.97191_19.70267,True
468,-155.97143_19.70203,True
469,-155.97126_19.70116,True
470,-155.96008_19.69849,True
471,-155.96115_19.69729,True
472,-155.97647_19.71507,True
473,-155.97516_19.71606,True
474,-155.95849_19.70885,True
475,-155.95975_19.70926,True
476,-155.96029_19.70876,True
477,-155.97400_19.71035,True
478,-155.97037_19.71132,True
479,-155.97554_19.70166,True
480,-155.97550_19.70128,True
481,-155.97530_19.70068,True
482,-155.97463_19.70117,True
483,-155.96293_19.69680,True
484,-155.95963_19.70314,True
485,-155.94587_19.70634,True
486,-155.96190_19.69866,True
487,-155.97555_19.70742,True
488,-155.97486_19.71293,True
489,-155.95784_19.71010,True
490,-155.96575_19.69751,True
491,-155.95991_19.69668,True
492,-155.96274_19.69832,True
493,-155.95802_19.69655,True
494,-155.96579_19.69858,True
495,-155.97789_19.70953,True
496,-155.95890_19.70692,True
497,-155.97255_19.69500,True
498,-155.96754_19.69328,True
499,-155.96639_19.69491,True
500,-155.96757_19.69591,True
501,-155.96942_19.69793,True
502,-155.97043_19.69858,True
503,-155.96985_19.69919,True
504,-155.97089_19.69949,True
505,-155.96943_19.70102,True
506,-155.97196_19.70059,True
507,-155.96324_19.69895,True
508,-155.94502_19.70547,True
509,-155.97291_19.70116,True
510,-155.97208_19.69886,True
511,-155.96214_19.70206,True
512,-155.96295_19.70228,True
513,-155.96262_19.70310,True
514,-155.96039_19.70363,True
515,-155.96138_19.70287,True
516,-155.96337_19.70681,True
517,-155.96259_19.70747,True
518,-155.96189_19.70546,True
519,-155.96227_19.70480,True
520,-155.96380_19.70329,True
521,-155.96301_19.70408,True
522,-155.96177_19.70399,True
523,-155.95538_19.69839,True
524,-155.96840_19.69844,True
525,-155.97150_19.69564,True
526,-155.96584_19.69563,True
527,-155.96757_19.69772,True
528,-155.97283_19.69561,True
529,-155.96792_19.70428,True
530,-155.96615_19.70358,True
531,-155.96627_19.70498,True
532,-155.97038_19.69569,True
533,-155.98301_19.73240,True
534,-155.98351_19.73242,True
535,-155.98345_19.73213,True
536,-155.98350_19.73184,True
537,-155.98111_19.72949,True
538,-155.97877_19.73827,True
539,-155.97892_19.73804,True
540,-155.97939_19.73731,True
541,-155.98004_19.73750,True
542,-155.98287_19.73829,True
543,-155.98242_19.73961,True
544,-155.97954_19.73468,True
545,-155.98135_19.72233,True
546,-155.97809_19.72679,True
547,-155.98018_19.73899,True
548,-155.98165_19.72872,True
549,-155.98207_19.72869,True
550,-155.98248_19.72871,True
551,-155.98184_19.72295,True
552,-155.97634_19.72707,True
553,-155.97577_19.72712,True
554,-155.98077_19.72647,True
555,-155.97604_19.71781,True
556,-155.97826_19.73593,True
557,-155.98113_19.72531,True
558,-155.98102_19.71755,True
559,-155.98286_19.73927,True
560,-155.98085_19.73776,True
561,-155.97748_19.71682,True
562,-155.97863_19.71941,True
563,-155.97945_19.72186,True
564,-155.98105_19.72873,True
565,-155.98145_19.72870,True
566,-155.98158_19.72903,True
567,-155.98159_19.72924,True
568,-155.98162_19.72949,True
569,-155.98161_19.72973,True
570,-155.98162_19.72997,True
571,-155.98195_19.72997,True
572,-155.98195_19.72972,True
573,-155.98193_19.72945,True
574,-155.98198_19.72923,True
575,-155.98197_19.72902,True
576,-155.98188_19.72872,True
577,-155.97740_19.73959,True
578,-155.98168_19.72732,True
579,-155.98215_19.73952,True
580,-155.98084_19.73199,True
581,-155.98178_19.73235,True
582,-155.98172_19.73208,True
583,-155.98177_19.73179,True
584,-155.98220_19.73180,True
585,-155.98223_19.73209,True
586,-155.97798_19.71880,True
587,-155.97760_19.73824,True
588,-155.97732_19.73803,True
589,-155.98199_19.72638,True
590,-155.97758_19.72381,True
591,-155.97521_19.72718,True
592,-155.98057_19.72232,True
593,-155.97993_19.72352,True
594,-155.98047_19.72355,True
595,-155.98035_19.71908,True
596,-155.98108_19.72234,True
597,-155.98028_19.72995,True
598,-155.98028_19.72972,True
599,-155.98026_19.72947,True
600,-155.98030_19.72925,True
601,-155.98029_19.72904,True
602,-155.98051_19.73820,True
603,-155.98259_19.73210,True
604,-155.98263_19.73181,True
605,-155.98307_19.73183,True
606,-155.98309_19.73212,True
607,-155.97780_19.71840,True
608,-155.97626_19.72280,True
609,-155.97539_19.71778,True
610,-155.98317_19.73107,True
611,-155.98215_19.73236,True
612,-155.98264_19.73238,True
613,-155.98095_19.72757,True
614,-155.98163_19.72675,True
615,-155.98213_19.73901,True
616,-155.98256_19.73866,True
617,-155.98168_19.73850,True
618,-155.98084_19.73826,True
619,-155.98182_19.73458,True
620,-155.98192_19.73609,True
621,-155.97328_19.72310,True
622,-155.97747_19.73746,True
623,-155.97957_19.73793,True
624,-155.97922_19.73844,True
625,-155.97871_19.71730,True
626,-155.98232_19.72494,True
627,-155.98114_19.72903,True
628,-155.97574_19.72820,True
629,-155.97964_19.72761,True
630,-155.98004_19.72629,True
631,-155.97936_19.72561,True
632,-155.98331_19.73138,True
633,-155.98304_19.73138,True
634,-155.97944_19.72312,True
635,-155.97867_19.72313,True
636,-155.97834_19.73757,True
637,-155.98044_19.71803,True
638,-155.97982_19.71797,True
639,-155.97985_19.71901,True
640,-155.97941_19.71895,True
641,-155.97898_19.71890,True
642,-155.97853_19.71887,True
643,-155.97862_19.71845,True
644,-155.98281_19.73078,True
645,-155.98281_19.73103,True
646,-155.98276_19.73133,True
647,-155.98042_19.72741,True
648,-155.98319_19.73055,True
649,-155.98320_19.73029,True
650,-155.97679_19.71778,True
651,-155.97627_19.72206,True
652,-155.98064_19.73367,True
653,-155.98072_19.73489,True
654,-155.98236_19.73297,True
655,-155.98008_19.73792,True
656,-155.98031_19.73774,True
657,-155.98056_19.73766,True
658,-155.97895_19.73879,True
659,-155.97836_19.73852,True
660,-155.97829_19.71726,True
661,-155.98007_19.73199,True
662,-155.98142_19.72035,True
663,-155.97839_19.74101,True
664,-155.97894_19.71779,True
665,-155.97853_19.71797,True
666,-155.97796_19.71809,True
667,-155.97763_19.73897,True
668,-155.98051_19.72532,True
669,-155.98021_19.72874,True
670,-155.98062_19.72871,True
671,-155.98075_19.72903,True
672,-155.98075_19.72924,True
673,-155.98161_19.72603,True
674,-155.98102_19.72421,True
675,-155.97993_19.72419,True
676,-155.98041_19.72871,True
677,-155.98082_19.72874,True
678,-155.98124_19.72870,True
679,-155.98113_19.72973,True
680,-155.98022_19.72002,True
681,-155.98092_19.71949,True
682,-155.97883_19.71997,True
683,-155.98027_19.71945,True
684,-155.98241_19.72925,True
685,-155.98245_19.72949,True
686,-155.98243_19.72974,True
687,-155.98243_19.72997,True
688,-155.98273_19.72980,True
689,-155.98273_19.72949,True
690,-155.98279_19.72922,True
691,-155.98279_19.72901,True
692,-155.98270_19.72871,True
693,-155.97047_19.72728,True
694,-155.98228_19.72869,True
695,-155.98241_19.72903,True
696,-155.98252_19.72632,True
697,-155.98254_19.72728,True
698,-155.98307_19.72993,True
699,-155.98220_19.72531,True
700,-155.97796_19.72742,True
701,-155.97736_19.72679,True
702,-155.97724_19.72731,True
703,-155.97677_19.72709,True
704,-155.98162_19.72657,True
705,-155.98113_19.72621,True
706,-155.97637_19.72769,True
707,-155.97514_19.72809,True
708,-155.97906_19.73650,True
709,-155.98035_19.73703,True
710,-155.97985_19.73567,True
711,-155.98113_19.72996,True
712,-155.98101_19.72151,True
713,-155.98050_19.72637,True
714,-155.98242_19.72835,True
715,-155.98204_19.72820,True
716,-155.98079_19.72502,True
717,-155.98282_19.73028,True
718,-155.98281_19.73053,True
719,-155.96856_19.72721,True
720,-155.98041_19.71874,True
721,-155.98091_19.71881,True
722,-155.97923_19.72777,True
723,-155.98089_19.72000,True
724,-155.98055_19.72001,True
725,-155.97923_19.72795,True
726,-155.98087_19.71914,True
727,-155.98142_19.72069,True
728,-155.98140_19.72186,True
729,-155.98147_19.72123,True
730,-155.98143_19.72158,True
731,-155.98184_19.73388,True
732,-155.97923_19.72813,True
733,-155.97744_19.72800,True
734,-155.97699_19.72801,True
735,-155.97639_19.72815,True
736,-155.97564_19.72774,True
737,-155.98086_19.72088,True
738,-155.97820_19.71844,True
739,-155.96503_19.74292,True
740,-155.97950_19.72970,True
741,-155.96515_19.74820,True
742,-155.97145_19.75681,True
743,-155.83825_19.81948,True
744,-155.14340_19.83204,True
745,-155.15191_19.85411,True
746,-155.12456_19.88862,True
747,-155.14085_19.87921,True
748,-155.13532_19.83621,True
749,-155.12516_19.88860,True
750,-155.82039_20.09819,True
751,-155.81941_20.10017,True
752,-155.81863_20.10142,True
753,-155.81821_20.10205,True
754,-155.81823_20.10425,True
755,-155.82101_20.10103,True
756,-155.81436_20.10822,True
757,-155.81431_20.10742,True
758,-155.81564_20.10646,True
759,-155.81712_20.10513,True
760,-155.81633_20.10363,True
761,-155.81488_20.10233,True
762,-155.81558_20.10552,True
763,-155.81200_20.10172,True
764,-155.81160_20.10047,True
765,-155.81692_20.09747,True
766,-155.81827_20.09682,True
767,-155.81934_20.09669,True
768,-155.79410_20.10052,True
769,-155.82136_20.10296,True
770,-155.81372_20.10178,True
771,-155.81448_20.10094,True
772,-155.82029_20.10083,True
773,-155.81992_20.10476,True
774,-155.81102_20.09108,True
775,-155.65598_20.02862,True
776,-155.65538_20.02886,True
777,-155.65547_20.02904,True
778,-155.65576_20.02829,True
779,-155.65587_20.02846,True
780,-155.65609_20.02878,True
781,-155.65524_20.02746,True
782,-155.81011_20.09848,True
783,-155.81413_20.09220,True
784,-155.82146_20.10436,True
785,-155.82000_20.10230,True
786,-155.66124_20.02761,True
787,-155.66263_20.02665,True
788,-155.66234_20.02682,True
789,-155.66208_20.02649,True
790,-155.65688_20.02656,True
791,-155.65955_20.02593,True
792,-155.65735_20.02806,True
793,-155.65676_20.02768,True
794,-155.65639_20.02789,True
795,-155.65607_20.02801,True
796,-155.65584_20.02764,True
797,-155.65640_20.02719,True
798,-155.65657_20.02735,True
799,-155.65592_20.02714,True
800,-155.65558_20.02725,True
801,-155.65534_20.02763,True
802,-155.65907_20.02624,True
803,-155.66088_20.02673,True
804,-155.65740_20.02677,True
805,-155.65727_20.02736,True
806,-155.66015_20.02598,True
807,-155.65619_20.02657,True
808,-155.65805_20.02768,True
809,-155.65769_20.02791,True
810,-155.65758_20.02693,True
811,-155.65768_20.02717,True
812,-155.65545_20.02779,True
813,-155.65555_20.02796,True
814,-155.65566_20.02812,True
815,-155.65491_20.02811,True
816,-155.65659_20.03017,True
817,-155.66147_20.02616,True
818,-155.82543_20.23218,True
819,-155.46627_20.08562,True
820,-155.46826_20.08051,True
821,-155.48121_20.06118,True
822,-155.47940_20.06057,True
823,-155.46640_20.07883,True
824,-155.47025_20.08027,True
825,-155.47151_20.07958,True
826,-155.47777_20.05524,True
827,-155.47476_20.04681,True
828,-155.47172_20.08042,True
829,-155.47967_20.06202,True
830,-155.91174_19.50617,True
831,-155.95431_19.69765,True
832,-155.95637_19.70235,True
833,-155.95333_19.70238,True
834,-155.95699_19.70284,True
835,-155.95796_19.70328,True
836,-155.95854_19.70423,True
837,-155.95812_19.70502,True
838,-155.95814_19.70618,True
839,-155.95730_19.70557,True
840,-155.95665_19.70622,True
841,-155.95218_19.70617,True
842,-155.95755_19.70715,True
843,-155.95641_19.70870,True
844,-155.47262_20.07218,True
845,-155.46640_20.07231,True
846,-155.96826_19.68105,True
847,-155.96929_19.68269,True
848,-155.96483_19.68378,True
849,-155.97721_19.70798,True
850,-155.97706_19.70712,True
851,-155.97799_19.70800,True
852,-155.11149_19.83373,True
853,-155.65726_20.02937,True
854,-155.96687_19.68488,True
855,-155.96765_19.67946,True
856,-155.96718_19.67963,True
857,-155.96906_19.68215,True
858,-155.96843_19.67918,True
859,-155.83326_19.81418,True
860,-155.83204_19.81605,True
861,-155.83289_19.81348,True
862,-155.83830_19.81364,True
863,-155.83637_19.81539,True
864,-155.83617_19.81577,True
865,-155.83595_19.81614,True
866,-155.83863_19.81324,True
867,-155.83205_19.82034,True
868,-155.83817_19.81433,True
869,-155.83776_19.81411,True
870,-155.83084_19.81951,True
871,-155.83725_19.81338,True
872,-155.83701_19.81377,True
873,-155.83589_19.81975,True
874,-155.84157_19.81591,True
875,-155.83351_19.82073,True
876,-155.83291_19.82062,True
877,-155.83205_19.82117,True
878,-155.83048_19.81911,True
879,-155.83034_19.81862,True
880,-155.82989_19.81963,True
881,-155.82949_19.81915,True
882,-155.82931_19.81862,True
883,-155.83000_19.81756,True
884,-155.83036_19.81705,True
885,-155.83072_19.81655,True
886,-155.83166_19.81648,True
887,-155.83201_19.81697,True
888,-155.83133_19.81807,True
889,-155.83103_19.82103,True
890,-155.83064_19.82056,True
891,-155.83207_19.81769,True
892,-155.83209_19.81845,True
893,-155.83275_19.81835,True
894,-155.83398_19.81823,True
895,-155.83145_19.82031,True
896,-155.83113_19.81989,True
897,-155.83581_19.81662,True
898,-155.83552_19.81710,True
899,-155.83525_19.81760,True
900,-155.83479_19.81804,True
901,-155.83266_19.81921,True
902,-155.83309_19.81974,True
903,-155.83375_19.82013,True
904,-155.83423_19.82060,True
905,-155.83758_19.81283,True
906,-155.83668_19.81434,True
907,-155.83738_19.81536,True
908,-155.83642_19.81485,True
909,-155.83716_19.81585,True
910,-155.83833_19.81664,True
911,-155.83822_19.81790,True
912,-155.83794_19.81833,True
913,-155.83746_19.81865,True
914,-155.83695_19.81893,True
915,-155.83640_19.81885,True
916,-155.83573_19.81878,True
917,-155.83515_19.81865,True
918,-155.83462_19.81889,True
919,-155.83408_19.81912,True
920,-155.83596_19.81783,True
921,-155.83123_19.81861,True
922,-155.83144_19.81906,True
923,-155.83144_19.81553,True
924,-155.83179_19.81502,True
925,-155.84184_19.81564,True
926,-155.84234_19.81596,True
927,-155.82065_20.21922,True
928,-155.82026_20.21774,True
929,-155.94854_19.61483,True
930,-155.97236_19.75652,True
931,-156.13754_20.84744,True
932,-156.02957_20.77720,True
933,-156.00160_20.76343,True
934,-156.32585_20.78071,True
935,-156.32454_20.77978,True
936,-156.33700_20.78852,True
937,-156.34393_20.79742,True
938,-156.33059_20.79249,True
939,-156.36340_20.80630,True
940,-156.35476_20.80150,True
941,-156.36081_20.80442,True
942,-156.36394_20.80400,True
943,-156.35736_20.80230,True
944,-156.35512_20.79958,True
945,-156.30382_20.81535,True
946,-156.31597_20.82950,True
947,-156.31515_20.82857,True
948,-156.31278_20.77745,True
949,-156.30900_20.77397,True
950,-156.30928_20.77401,True
951,-156.31060_20.77456,True
952,-156.31150_20.77640,True
953,-156.31140_20.77693,True
954,-156.31011_20.77704,True
955,-156.30997_20.77664,True
956,-156.30896_20.77550,True
957,-156.30905_20.77520,True
958,-156.30902_20.77456,True
959,-156.30854_20.77438,True
960,-156.30855_20.77601,True
961,-156.31045_20.77747,True
962,-156.30913_20.77553,True
963,-156.30932_20.77558,True
964,-156.30853_20.77532,True
965,-156.30821_20.77533,True
966,-156.31041_20.77654,True
967,-156.31063_20.77649,True
968,-156.31080_20.77635,True
969,-156.31077_20.77689,True
970,-156.31054_20.77690,True
971,-156.30931_20.77647,True
972,-156.30979_20.77712,True
973,-156.32119_20.78238,True
974,-156.31901_20.78134,True
975,-156.32056_20.78198,True
976,-156.32079_20.78216,True
977,-156.32100_20.78226,True
978,-156.31926_20.78144,True
979,-156.31951_20.78152,True
980,-156.31972_20.78168,True
981,-156.31787_20.78049,True
982,-156.32079_20.78128,True
983,-156.32064_20.78104,True
984,-156.32006_20.78062,True
985,-156.31985_20.78045,True
986,-156.32024_20.78127,True
987,-156.31997_20.78111,True
988,-156.31973_20.78103,True
989,-156.31933_20.78087,True
990,-156.31655_20.77966,True
991,-156.31704_20.77933,True
992,-156.31730_20.77940,True
993,-156.31758_20.77949,True
994,-156.31780_20.77962,True
995,-156.31801_20.77977,True
996,-156.31822_20.77990,True
997,-156.31844_20.78000,True
998,-156.31895_20.78024,True
999,-156.31836_20.78053,True
1000,-156.31747_20.78005,True
1001,-156.31613_20.77976,True
1002,-156.31680_20.78021,True
1003,-156.31697_20.78045,True
1004,-156.32663_20.77952,True
1005,-156.32722_20.78035,True
1006,-156.32675_20.78119,True
1007,-156.32681_20.78193,True
1008,-156.32675_20.78340,True
1009,-156.32672_20.78485,True
1010,-156.32608_20.78444,True
1011,-156.32638_20.78241,True
1012,-156.32569_20.78324,True
1013,-156.31817_20.86631,True
1014,-156.32167_20.87024,True
1015,-156.32034_20.86901,True
1016,-156.32120_20.87135,True
1017,-156.29283_20.84307,True
1018,-156.28872_20.84200,True
1019,-156.29026_20.84143,True
1020,-156.28940_20.84087,True
1021,-156.32714_20.87369,True
1022,-156.32231_20.87281,True
1023,-156.33397_20.88101,True
1024,-156.33501_20.88043,True
1025,-156.33552_20.88053,True
1026,-156.33607_20.87990,True
1027,-156.30614_20.86461,True
1028,-156.30656_20.86495,True
1029,-156.30713_20.86514,True
1030,-156.30866_20.86835,True
1031,-156.31110_20.87024,True
1032,-156.30997_20.87049,True
1033,-156.30665_20.87179,True
1034,-156.30770_20.86870,True
1035,-156.30396_20.86563,True
1036,-156.30313_20.87167,True
1037,-156.30534_20.86778,True
1038,-156.30999_20.86955,True
1039,-156.30726_20.86614,True
1040,-156.30528_20.87045,True
1041,-156.30493_20.87078,True
1042,-156.30808_20.86901,True
1043,-156.30477_20.87140,True
1044,-156.30541_20.86659,True
1045,-156.31032_20.87128,True
1046,-156.31242_20.87005,True
1047,-156.30823_20.87715,True
1048,-156.30749_20.87322,True
1049,-156.30356_20.87517,True
1050,-156.30631_20.87618,True
1051,-156.30797_20.87444,True
1052,-156.31316_20.87394,True
1053,-156.31289_20.87341,True
1054,-156.31464_20.87548,True
1055,-156.31057_20.87186,True
1056,-156.30986_20.88693,True
1057,-156.30534_20.87922,True
1058,-156.30574_20.87991,True
1059,-156.31471_20.88694,True
1060,-156.30478_20.87843,True
1061,-156.30443_20.87743,True
1062,-156.30384_20.87649,True
1063,-156.30465_20.87637,True
1064,-156.30684_20.88230,True
1065,-156.31614_20.89076,True
1066,-156.31367_20.87580,True
1067,-156.31140_20.87644,True
1068,-156.30546_20.87522,True
1069,-156.31349_20.87477,True
1070,-156.31247_20.87512,True
1071,-156.31119_20.88855,True
1072,-156.31279_20.88861,True
1073,-156.31212_20.88924,True
1074,-156.31064_20.88975,True
1075,-156.31133_20.89031,True
1076,-156.31241_20.88999,True
1077,-156.31256_20.89074,True
1078,-156.31153_20.89114,True
1079,-156.31012_20.89077,True
1080,-156.30965_20.89000,True
1081,-156.30915_20.89058,True
1082,-156.30942_20.87481,True
1083,-156.31538_20.87161,True
1084,-156.31126_20.87413,True
1085,-156.30880_20.87698,True
1086,-156.31006_20.87675,True
1087,-156.30995_20.87606,True
1088,-156.30960_20.87546,True
1089,-156.30880_20.87526,True
1090,-156.30837_20.87573,True
1091,-156.31329_20.88659,True
1092,-156.31384_20.88726,True
1093,-156.31424_20.88782,True
1094,-156.31404_20.88885,True
1095,-156.31389_20.88988,True
1096,-156.31407_20.89097,True
1097,-156.31490_20.88858,True
1098,-156.31558_20.88819,True
1099,-156.30880_20.87275,True
1100,-156.31324_20.89337,True
1101,-156.31133_20.89196,True
1102,-156.30995_20.89278,True
1103,-156.30036_20.86243,True
1104,-156.30098_20.86491,True
1105,-156.32264_20.90361,True
1106,-156.32371_20.90568,True
1107,-156.32289_20.90136,True
1108,-156.32419_20.90664,True
1109,-156.31539_20.87355,True
1110,-156.31662_20.87591,True
1111,-156.31904_20.87853,True
1112,-156.31587_20.87505,True
1113,-156.31694_20.87488,True
1114,-156.31631_20.87328,True
1115,-156.31741_20.87376,True
1116,-156.31752_20.87558,True
1117,-156.31827_20.87529,True
1118,-156.31862_20.87625,True
1119,-156.31716_20.87329,True
1120,-156.31904_20.87724,True
1121,-156.32008_20.87669,True
1122,-156.31978_20.87597,True
1123,-156.31582_20.87785,True
1124,-156.31568_20.88063,True
1125,-156.31469_20.87952,True
1126,-156.31219_20.87954,True
1127,-156.31294_20.87810,True
1128,-156.31476_20.88125,True
1129,-156.31738_20.88214,True
1130,-156.31313_20.88026,True
1131,-156.31483_20.88045,True
1132,-156.31615_20.87882,True
1133,-156.31134_20.87768,True
1134,-156.31194_20.88417,True
1135,-156.31734_20.88414,True
1136,-156.31442_20.88286,True
1137,-156.31554_20.88310,True
1138,-156.30999_20.87933,True
1139,-156.31071_20.88037,True
1140,-156.31087_20.88154,True
1141,-156.31093_20.8821,True
1142,-156.30989_20.88353,True
1143,-156.30724_20.87993,True
1144,-156.30700_20.87726,True
1145,-156.30786_20.87877,True
1146,-156.30855_20.87830,True
1147,-156.30142_20.88227,True
1148,-156.30066_20.88147,True
1149,-156.30142_20.88126,True
1150,-156.30291_20.87388,True
1151,-156.30257_20.88127,True
1152,-156.30455_20.88389,True
1153,-156.30406_20.88288,True
1154,-156.30466_20.88194,True
1155,-156.30462_20.88154,True
1156,-156.32335_20.89625,True
1157,-156.32251_20.89496,True
1158,-156.32195_20.89456,True
1159,-156.32092_20.89340,True
1160,-156.32065_20.89294,True
1161,-156.32024_20.89254,True
1162,-156.31983_20.89213,True
1163,-156.31917_20.89114,True
1164,-156.31885_20.89069,True
1165,-156.31840_20.89008,True
1166,-156.31801_20.88953,True
1167,-156.31763_20.88900,True
1168,-156.31722_20.88849,True
1169,-156.31640_20.88780,True
1170,-156.31754_20.88743,True
1171,-156.31864_20.88707,True
1172,-156.31920_20.88689,True
1173,-156.31976_20.88663,True
1174,-156.31932_20.88850,True
1175,-156.31919_20.88927,True
1176,-156.31849_20.88823,True
1177,-156.32096_20.89191,True
1178,-156.32085_20.89120,True
1179,-156.31996_20.89056,True
1180,-156.32049_20.88887,True
1181,-156.32056_20.88824,True
1182,-156.32094_20.88698,True
1183,-156.32064_20.88625,True
1184,-156.32136_20.88616,True
1185,-156.32197_20.88595,True
1186,-156.32177_20.88466,True
1187,-156.32107_20.88481,True
1188,-156.32054_20.88505,True
1189,-156.31998_20.88522,True
1190,-156.31943_20.88540,True
1191,-156.31777_20.88594,True
1192,-156.31666_20.88630,True
1193,-156.31610_20.88647,True
1194,-156.31555_20.88666,True
1195,-156.32494_20.90742,True
1196,-156.32529_20.90852,True
1197,-156.32651_20.90745,True
1198,-156.32782_20.90975,True
1199,-156.28523_20.91345,True
1200,-156.28563_20.91899,True
1201,-156.28160_20.91126,True
1202,-156.28565_20.92304,True
1203,-156.28280_20.91047,True
1204,-156.28623_20.91559,True
1205,-156.28127_20.90808,True
1206,-156.28375_20.90786,True
1207,-156.28500_20.92081,True
1208,-156.28236_20.90692,True
1209,-156.28352_20.91304,True
1210,-156.28285_20.92154,True
1211,-156.28337_20.91485,True
1212,-156.28610_20.91666,True
1213,-156.28670_20.91888,True
1214,-156.28334_20.92309,True
1215,-156.28424_20.91507,True
1216,-156.28433_20.91573,True
1217,-156.28465_20.91681,True
1218,-156.28458_20.91787,True
1219,-156.28431_20.91845,True
1220,-156.28292_20.91894,True
1221,-156.28302_20.91959,True
1222,-156.28207_20.91936,True
1223,-156.28127_20.91944,True
1224,-156.28321_20.91576,True
1225,-156.28374_20.91633,True
1226,-156.28326_20.91789,True
1227,-156.28219_20.91811,True
1228,-156.28589_20.91967,True
1229,-156.28268_20.91481,True
1230,-156.28224_20.91557,True
1231,-156.28153_20.91590,True
1232,-156.28048_20.91512,True
1233,-156.28085_20.91372,True
1234,-156.28187_20.91425,True
1235,-156.28157_20.91348,True
1236,-156.28157_20.91271,True
1237,-156.28231_20.91210,True
1238,-156.28254_20.91279,True
1239,-156.28495_20.92273,True
1240,-156.28482_20.92357,True
1241,-156.28440_20.92410,True
1242,-156.28279_20.92416,True
1243,-156.28198_20.92356,True
1244,-156.28365_20.91385,True
1245,-156.28396_20.92194,True
1246,-156.28168_20.92122,True
1247,-156.28135_20.92017,True
1248,-156.28212_20.92037,True
1249,-156.28262_20.92077,True
1250,-156.28329_20.92073,True
1251,-156.28450_20.92010,True
1252,-156.28165_20.92177,True
1253,-156.28601_20.91439,True
1254,-156.27922_20.90710,True
1255,-156.28122_20.91027,True
1256,-156.27994_20.90907,True
1257,-156.28644_20.92572,True
1258,-156.28309_20.92641,True
1259,-156.28310_20.92903,True
1260,-156.28414_20.92627,True
1261,-156.28049_20.90408,True
1262,-156.27976_20.90279,True
1263,-156.27696_20.89949,True
1264,-156.27677_20.89898,True
1265,-156.27696_20.89627,True
1266,-156.27829_20.89587,True
1267,-156.27792_20.89806,True
1268,-156.27815_20.89892,True
1269,-156.27842_20.90000,True
1270,-156.28015_20.90346,True
1271,-156.28547_20.91222,True
1272,-156.28393_20.91009,True
1273,-156.28398_20.90981,True
1274,-156.28493_20.91070,True
1275,-156.54102_20.96664,True
1276,-156.54118_20.96793,True
1277,-156.54091_20.97039,True
1278,-156.53992_20.97100,True
1279,-156.54118_20.97209,True
1280,-156.54069_20.97313,True
1281,-156.53940_20.97267,True
1282,-156.53894_20.97223,True
1283,-156.54451_20.96316,True
1284,-156.54424_20.96436,True
1285,-156.54171_20.96599,True
1286,-156.54559_20.96259,True
1287,-156.52387_20.93079,True
1288,-156.51507_20.94852,True
1289,-156.51951_20.94212,True
1290,-156.51790_20.94301,True
1291,-156.51922_20.94040,True
1292,-156.51438_20.91062,True
1293,-156.51081_20.91059,True
1294,-156.51698_20.91489,True
1295,-156.51443_20.91132,True
1296,-156.53515_20.88291,True
1297,-156.53379_20.88404,True
1298,-156.51416_20.88531,True
1299,-156.51435_20.88497,True
1300,-156.51767_20.88362,True
1301,-156.51364_20.88583,True
1302,-156.51505_20.88487,True
1303,-156.51557_20.88468,True
1304,-156.52103_20.88215,True
1305,-156.52047_20.88279,True
1306,-156.52056_20.88251,True
1307,-156.52033_20.88221,True
1308,-156.52055_20.88219,True
1309,-156.51816_20.88301,True
1310,-156.52136_20.88238,True
1311,-156.52130_20.88210,True
1312,-156.52082_20.88217,True
1313,-156.49744_20.85756,True
1314,-156.52558_20.88247,True
1315,-156.52372_20.88207,True
1316,-156.52321_20.88198,True
1317,-156.52877_20.88290,True
1318,-156.53032_20.88373,True
1319,-156.51493_20.85820,True
1320,-156.50825_20.86009,True
1321,-156.50768_20.85995,True
1322,-156.50665_20.85977,True
1323,-156.50534_20.85964,True
1324,-156.50592_20.85978,True
1325,-156.50629_20.85903,True
1326,-156.50633_20.85865,True
1327,-156.51663_20.87625,True
1328,-156.51640_20.87603,True
1329,-156.51668_20.87493,True
1330,-156.51682_20.87518,True
1331,-156.51696_20.87542,True
1332,-156.51753_20.87694,True
1333,-156.51779_20.87680,True
1334,-156.51764_20.87593,True
1335,-156.51816_20.87553,True
1336,-156.51862_20.87642,True
1337,-156.51850_20.87594,True
1338,-156.51597_20.87493,True
1339,-156.51552_20.87416,True
1340,-156.51569_20.87388,True
1341,-156.51587_20.87334,True
1342,-156.51593_20.87309,True
1343,-156.51660_20.87369,True
1344,-156.51770_20.87418,True
1345,-156.51600_20.87360,True
1346,-156.51580_20.87447,True
1347,-156.51555_20.87227,True
1348,-156.51436_20.87086,True
1349,-156.51425_20.87058,True
1350,-156.51405_20.87030,True
1351,-156.51512_20.86975,True
1352,-156.50918_20.85757,True
1353,-156.48713_20.87067,True
1354,-156.49086_20.88250,True
1355,-156.61257_20.95371,True
1356,-156.63626_20.94900,True
1357,-156.63686_20.86980,True
1358,-156.63474_20.86172,True
1359,-156.63359_20.85946,True
1360,-156.63246_20.85669,True
1361,-156.63074_20.85434,True
1362,-156.64055_20.85308,True
1363,-156.63989_20.85325,True
1364,-156.63898_20.85327,True
1365,-156.63727_20.85386,True
1366,-156.63787_20.85252,True
1367,-156.63893_20.85784,True
1368,-156.63750_20.85722,True
1369,-156.63665_20.85808,True
1370,-156.63572_20.85712,True
1371,-156.63123_20.85271,True
1372,-156.64097_20.85502,True
1373,-159.38319_22.06290,True
1374,-159.38456_22.06385,True
1375,-159.37593_21.97318,True
1376,-159.38376_22.06305,True
1377,-159.37785_22.05646,True
1378,-159.37770_22.05679,True
1379,-159.37778_22.05450,True
1380,-159.37668_22.05470,True
1381,-159.37109_22.05560,True
1382,-159.37002_22.05496,True
1383,-159.37807_22.06869,True
1384,-159.35559_22.08986,True
1385,-159.37959_22.10332,True
1386,-159.32544_22.10184,True
1387,-159.32398_22.10324,True
1388,-159.50406_21.93054,True
1389,-159.47412_21.91500,True
1390,-159.38225_22.06468,True
1391,-159.37678_22.06450,True
1392,-159.37771_22.06470,True
1393,-159.36236_22.06906,True
1394,-159.36229_22.06934,True
1395,-159.37337_22.06851,True
1396,-159.36191_22.06732,True
1397,-159.36211_22.06794,True
1398,-159.33024_22.09890,True
1399,-159.33801_22.08967,True
1400,-159.32532_22.08542,True
1401,-159.32278_22.10119,True
1402,-159.34000_22.10189,True
1403,-159.32992_22.08121,True
1404,-159.32813_22.08156,True
1405,-159.32687_22.08231,True
1406,-159.33461_22.09988,True
1407,-159.33545_22.09996,True
1408,-159.33171_22.10066,True
1409,-159.33305_22.10971,True
1410,-159.31286_22.13298,True
1411,-159.35926_22.18886,True
1412,-159.35409_22.19831,True
1413,-159.43746_22.17940,True
1414,-159.38051_22.06202,True
1415,-159.36304_22.06278,True
1416,-159.37810_22.05612,True
1417,-159.35380_22.19794,True
1418,-159.38288_22.05460,True
1419,-159.38242_22.06296,True
1420,-159.38093_22.05610,True
1421,-159.38334_22.05441,True
1422,-159.37698_22.05566,True
1423,-159.37088_22.05538,True
1424,-159.33540_22.08455,True
1425,-159.36123_22.06842,True
1426,-159.37743_22.10255,True
1427,-159.37734_22.10444,True
1428,-159.37853_22.10330,True
1429,-159.35991_22.08833,True
1430,-159.36153_22.08864,True
1431,-159.32481_22.10290,True
1432,-159.32664_22.10482,True
1433,-159.32959_22.09872,True
1434,-159.50417_21.92524,True
1435,-159.46269_21.90946,True
1436,-159.39970_21.96736,True
1437,-159.37519_21.97288,True
1438,-159.36599_22.05709,True
1439,-159.37580_22.05579,True
1440,-159.37663_22.05624,True
1441,-159.37835_22.05613,True
1442,-159.38387_22.05452,True
1443,-159.38318_22.05659,True
1444,-159.36386_22.08852,True
1445,-159.36098_22.06933,True
1446,-159.37525_22.06994,True
1447,-159.36301_22.06607,True
1448,-159.36484_22.06774,True
1449,-159.35516_22.08714,True
1450,-159.36117_22.09009,True
1451,-159.36046_22.08902,True
1452,-159.33413_22.08626,True
1453,-159.33995_22.08875,True
1454,-159.34120_22.09026,True
1455,-159.32760_22.08585,True
1456,-159.34040_22.10272,True
1457,-159.34015_22.10293,True
1458,-159.33102_22.08341,True
1459,-159.33004_22.08714,True
1460,-159.32948_22.08627,True
1461,-159.32685_22.08370,True
1462,-159.32968_22.08378,True
1463,-159.32693_22.08320,True
1464,-159.33070_22.08212,True
1465,-159.33646_22.10201,True
1466,-159.33310_22.09997,True
1467,-159.35519_22.19434,True
1468,-159.42333_22.18245,True
1469,-159.38270_22.06222,True
1470,-159.38240_22.06153,True
1471,-159.38180_22.06218,True
1472,-159.35934_22.06715,True
1473,-159.37628_22.05700,True
1474,-159.33136_22.09983,True
1475,-159.31226_22.13357,True
1476,-159.46232_21.91282,True
1477,-159.37659_22.06918,True
1478,-159.32646_22.09993,True
1479,-159.32320_22.10348,True
1480,-159.46594_21.91586,True
1481,-159.47246_21.91412,True
1482,-159.46587_21.91200,True
1483,-159.46284_21.90886,True
1484,-159.36708_22.05531,True
1485,-159.37275_22.05478,True
1486,-159.37483_22.05544,True
1487,-159.37673_22.05688,True
1488,-159.37980_22.06248,True
1489,-159.38536_22.06588,True
1490,-159.37914_22.06746,True
1491,-159.37814_22.06730,True
1492,-159.36223_22.06961,True
1493,-159.37410_22.06830,True
1494,-159.36249_22.06457,True
1495,-159.35744_22.08735,True
1496,-159.34251_22.09065,True
1497,-159.34060_22.09064,True
1498,-159.34302_22.08993,True
1499,-159.34370_22.09076,True
1500,-159.32143_22.10175,True
1501,-159.32601_22.08311,True
1502,-159.32516_22.08284,True
1503,-159.32891_22.08179,True
1504,-159.32785_22.08275,True
1505,-159.32728_22.08258,True
1506,-159.32960_22.08194,True
1507,-159.33385_22.09938,True
1508,-159.35402_22.19543,True
1509,-159.38132_22.06249,True
1510,-159.36032_22.06389,True
1511,-159.43219_22.17107,True
1512,-159.37887_22.05688,True
1513,-159.37182_22.05743,True
1514,-159.37671_22.05557,True
1515,-159.37048_22.05616,True
1516,-159.37566_22.06814,True
1517,-159.37326_22.06474,True
1518,-159.38140_22.10257,True
1519,-159.37866_22.10502,True
1520,-159.32526_22.09981,True
1521,-159.34055_22.10407,True
1522,-159.50189_21.92851,True
1523,-159.50360_21.92602,True
1524,-159.46248_21.90737,True
1525,-159.46035_21.90923,True
1526,-159.45994_21.90889,True
1527,-159.46441_21.90927,True
1528,-159.46688_21.91240,True
1529,-159.46353_21.91181,True
1530,-159.46083_21.90768,True
1531,-159.37870_22.06305,True
1532,-159.37447_21.96998,True
1533,-159.37512_22.05554,True
1534,-159.37540_22.05564,True
1535,-159.37854_22.05622,True
1536,-159.38199_22.05576,True
1537,-159.37604_22.05524,True
1538,-159.37585_22.05489,True
1539,-159.38279_22.06386,True
1540,-159.37933_22.06604,True
1541,-159.38026_22.06771,True
1542,-159.36505_22.06630,True
1543,-159.36655_22.06683,True
1544,-159.37728_22.06711,True
1545,-159.37646_22.06691,True
1546,-159.36217_22.06989,True
1547,-159.36733_22.07014,True
1548,-159.35823_22.08800,True
1549,-159.35580_22.08847,True
1550,-159.32100_22.10002,True
1551,-159.32159_22.10239,True
1552,-159.32174_22.10221,True
1553,-159.32607_22.08295,True
1554,-159.32734_22.08340,True
1555,-159.33402_22.10126,True
1556,-159.33576_22.10129,True
1557,-159.33266_22.10099,True
1558,-159.33643_22.10802,True
1559,-159.36038_22.18783,True
1560,-159.35853_22.19016,True
1561,-159.35835_22.19148,True
1562,-159.35711_22.19187,True
1563,-159.35670_22.19317,True
1564,-159.43613_22.18047,True
1565,-159.42553_22.18052,True
1566,-159.38195_22.06272,True
1567,-159.38280_22.06244,True
1568,-159.38094_22.06216,True
1569,-159.38190_22.06243,True
1570,-159.35973_22.06486,True
1571,-159.37551_22.05727,True
1572,-159.37856_22.05728,True
1573,-159.37811_22.05590,True
1574,-159.37741_22.05522,True
1575,-159.37708_22.05528,True
1576,-159.37600_22.05450,True
1577,-159.37624_22.05454,True
1578,-159.37701_22.05448,True
1579,-159.37791_22.05570,True
1580,-159.37747_22.05587,True
1581,-159.45966_21.90990,True
1582,-159.46260_21.91175,True
1583,-159.37043_22.05580,True
1584,-159.37519_22.06869,True
1585,-159.37566_22.06253,True
1586,-159.37358_22.06306,True
1587,-159.37418_22.06318,True
1588,-159.37317_22.06353,True
1589,-159.37596_22.06511,True
1590,-159.38048_22.10272,True
1591,-159.37836_22.10218,True
1592,-159.37629_22.10430,True
1593,-159.32857_22.09982,True
1594,-159.34105_22.10364,True
1595,-159.47885_21.96240,True
1596,-159.47172_21.91345,True
1597,-159.47308_21.91459,True
1598,-159.46131_21.90747,True
1599,-159.33884_22.08703,True
1600,-159.38525_22.06756,True
1601,-159.36797_22.05682,True
1602,-159.37875_22.05628,True
1603,-159.38340_22.05521,True
1604,-159.38344_22.05554,True
1605,-159.37922_22.06258,True
1606,-159.38095_22.06319,True
1607,-159.38146_22.06357,True
1608,-159.38011_22.06360,True
1609,-159.37429_22.06691,True
1610,-159.37147_22.06360,True
1611,-159.37178_22.06267,True
1612,-159.36013_22.06875,True
1613,-159.36079_22.06888,True
1614,-159.36166_22.06949,True
1615,-159.36046_22.06881,True
1616,-159.37599_22.06988,True
1617,-159.37480_22.06927,True
1618,-159.36294_22.06637,True
1619,-159.36304_22.06570,True
1620,-159.36623_22.06826,True
1621,-159.36932_22.07026,True
1622,-159.33668_22.08835,True
1623,-159.33499_22.08686,True
1624,-159.33897_22.08779,True
1625,-159.34005_22.09025,True
1626,-159.32732_22.08517,True
1627,-159.34090_22.10182,True
1628,-159.34070_22.10199,True
1629,-159.32581_22.08350,True
1630,-159.32916_22.08239,True
1631,-159.33038_22.08291,True
1632,-159.33041_22.08520,True
1633,-159.32755_22.08175,True
1634,-159.33096_22.08426,True
1635,-159.32829_22.08415,True
1636,-159.32846_22.08262,True
1637,-159.33135_22.08269,True
1638,-159.32908_22.08132,True
1639,-159.32679_22.08217,True
1640,-159.33443_22.10009,True
1641,-159.33474_22.10076,True
1642,-159.33467_22.10092,True
1643,-159.33299_22.09969,True
1644,-159.33276_22.09928,True
1645,-159.33337_22.09953,True
1646,-159.33321_22.09978,True
1647,-159.33375_22.09957,True
1648,-159.33302_22.10779,True
1649,-159.33292_22.10831,True
1650,-159.33291_22.10857,True
1651,-159.30676_22.10390,True
1652,-159.35350_22.19695,True
1653,-159.42238_22.18668,True
1654,-159.43476_22.18521,True
1655,-159.43641_22.18384,True
1656,-159.44696_22.19022,True
1657,-159.38259_22.06200,True
1658,-159.38250_22.06176,True
1659,-159.38163_22.06199,True
1660,-159.38148_22.06180,True
1661,-159.36110_22.06310,True
1662,-159.36273_22.06406,True
1663,-159.36100_22.06711,True
1664,-159.38261_22.06318,True
1665,-159.35961_22.09098,True
1666,-159.30650_22.10304,True
1667,-157.83450_21.31403,True
1668,-157.88653_21.58070,True
1669,-157.89156_21.58340,True
1670,-157.83202_21.31353,True
1671,-157.96643_21.39227,True
1672,-157.96620_21.67463,True
1673,-157.82778_21.31340,True
1674,-158.12548_21.56263,True
1675,-158.12530_21.56152,True
1676,-157.82900_21.31073,True
1677,-158.01722_21.45879,True
1678,-157.90674_21.39669,True
1679,-157.83354_21.31527,True
1680,-158.12663_21.56298,True
1681,-157.88632_21.58006,True
1682,-157.96818_21.67032,True
1683,-157.89338_21.57981,True
1684,-157.90729_21.39363,True
1685,-157.82888_21.30977,True
1686,-157.83373_21.31511,True
1687,-157.89323_21.57272,True
1688,-157.90611_21.39469,True
1689,-157.82866_21.31028,True
1690,-157.82843_21.30825,True
1691,-157.82602_21.31100,True
1692,-157.90630_21.39531,True
1693,-157.89660_21.58830,True
1694,-157.88708_21.58194,True
1695,-157.83569_21.31329,True
1696,-157.78391_21.31866,True
1697,-158.11695_21.55474,True
1698,-157.81397_21.32187,True
1699,-157.90014_21.59348,True
1700,-158.10645_21.54717,True
1701,-157.71615_21.33037,True
1702,-157.97357_21.68080,True
1703,-157.88835_21.58673,True
1704,-158.12489_21.56210,True
1705,-158.01796_21.45823,True
1706,-157.83186_21.31393,True
1707,-158.12573_21.56338,True
1708,-157.94739_21.38435,True
1709,-157.89258_21.57927,True
1710,-157.90710_21.39246,True
1711,-157.88249_21.55028,True
1712,-157.72949_21.33364,True
1713,-157.88935_21.58543,True
1714,-157.72453_21.33280,True
1715,-157.83667_21.31293,True
1716,-158.12490_21.56310,True
1717,-157.82937_21.31011,True
1718,-157.90750_21.39288,True
1719,-157.88858_21.58583,True
1720,-158.00602_21.50061,True
1721,-157.83276_21.31434,True
1722,-157.83174_21.31459,True
1723,-157.82844_21.31007,True
1724,-157.90781_21.39330,True
1725,-157.91530_21.61260,True
1726,-157.88920_21.58551,True
1727,-157.89596_21.39862,True
1728,-157.81604_21.32233,True
1729,-157.73895_21.33604,True
1730,-157.82737_21.30981,True
1731,-157.89880_21.57774,True
1732,-158.20026_21.46248,True
1733,-157.91503_21.61301,True
1734,-158.02190_21.68742,True
1735,-157.88679_21.58001,True
1736,-158.01412_21.50977,True
1737,-157.80399_21.31643,True
1738,-157.83181_21.31187,True
1739,-157.98911_21.44077,True
1740,-158.06478_21.35214,True
1741,-157.81431_21.32249,True
1742,-157.88250_21.54944,True
1743,-157.73941_21.33573,True
1744,-158.01288_21.50751,True
1745,-157.90624_21.39269,True
1746,-158.01692_21.45825,True
1747,-157.91472_21.61253,True
1748,-157.83265_21.31378,True
1749,-157.88781_21.58667,True
1750,-157.90774_21.39368,True
1751,-157.96433_21.66722,True
1752,-157.96441_21.66817,True
1753,-157.89308_21.58095,True
1754,-158.12406_21.56253,True
1755,-157.83363_21.31472,True
1756,-158.05218_21.43348,True
1757,-157.89296_21.57869,True
1758,-157.82675_21.31059,True
1759,-157.88263_21.54904,True
1760,-157.88791_21.58011,True
1761,-158.01230_21.50809,True
1762,-157.82875_21.31223,True
1763,-157.82073_21.33014,True
1764,-157.89298_21.57796,True
1765,-158.01305_21.50775,True
1766,-157.83131_21.31465,True
1767,-158.11636_21.55190,True
1768,-157.83233_21.31210,True
1769,-157.90763_21.39229,True
1770,-158.02888_21.49996,True
1771,-157.84422_21.31747,True
1772,-158.12554_21.56342,True
1773,-157.82952_21.31166,True
1774,-157.90880_21.39293,True
1775,-158.12660_21.56316,True
1776,-157.73170_21.33567,True
1777,-157.96704_21.67114,True
1778,-157.88383_21.54761,True
1779,-157.72508_21.33389,True
1780,-158.04177_21.43415,True
1781,-158.12470_21.56322,True
1782,-157.83379_21.31344,True
1783,-157.82804_21.30957,True
1784,-157.73799_21.33653,True
1785,-157.88789_21.58683,True
1786,-157.97753_21.47747,True
1787,-157.81685_21.32235,True
1788,-157.89079_21.57802,True
1789,-157.83362_21.31225,True
1790,-157.89196_21.58027,True
1791,-157.82654_21.31095,True
1792,-158.11699_21.55262,True
1793,-157.83116_21.31429,True
1794,-157.84337_21.31693,True
1795,-157.83713_21.31256,True
1796,-157.82784_21.30974,True
1797,-157.84300_21.31638,True
1798,-157.74012_21.33464,True
1799,-157.82045_21.31547,True
1800,-157.89234_21.57870,True
1801,-157.88284_21.54867,True
1802,-157.88862_21.58716,True
1803,-157.88634_21.58035,True
1804,-157.90635_21.39443,True
1805,-157.90602_21.39292,True
1806,-157.89536_21.59212,True
1807,-157.72068_21.33222,True
1808,-157.83162_21.31502,True
1809,-157.82638_21.32883,True
1810,-157.88233_21.54971,True
1811,-157.82987_21.31012,True
1812,-157.83396_21.31461,True
1813,-157.89508_21.59169,True
1814,-157.89704_21.58954,True
1815,-157.72620_21.33418,True
1816,-158.12402_21.56230,True
1817,-157.82508_21.41603,True
1818,-157.82857_21.31017,True
1819,-157.92800_21.39911,True
1820,-158.05305_21.42179,True
1821,-157.88882_21.58452,True
1822,-157.82628_21.31026,True
1823,-157.82804_21.31170,True
1824,-157.84091_21.30917,True
1825,-158.11398_21.55114,True
1826,-158.11536_21.55357,True
1827,-158.11502_21.55345,True
1828,-157.83189_21.31148,True
1829,-158.11329_21.55273,True
1830,-157.81407_21.32206,True
1831,-157.90676_21.39365,True
1832,-157.89415_21.59017,True
1833,-157.89210_21.57978,True
1834,-157.90716_21.39503,True
1835,-157.83422_21.31394,True
1836,-158.00403_21.50186,True
1837,-157.88818_21.58606,True
1838,-157.81492_21.31927,True
1839,-157.89339_21.58220,True
1840,-157.88273_21.54886,True
1841,-157.90882_21.39247,True
1842,-157.83636_21.31266,True
1843,-157.89221_21.57834,True
1844,-157.83014_21.30930,True
1845,-157.84250_21.31425,True
1846,-157.88659_21.58085,True
1847,-157.83014_21.30948,True
1848,-157.89306_21.58047,True
1849,-157.81660_21.32086,True
1850,-157.88771_21.58405,True
1851,-157.90728_21.39386,True
1852,-158.11550_21.55494,True
1853,-157.81657_21.32296,True
1854,-157.91515_21.61280,True
1855,-157.89221_21.57804,True
1856,-158.12388_21.56290,True
1857,-157.83553_21.31345,True
1858,-157.90312_21.59341,True
1859,-157.91647_21.61224,True
1860,-157.88207_21.54993,True
1861,-157.90692_21.39344,True
1862,-157.82804_21.31441,True
1863,-157.72995_21.33262,True
1864,-157.88233_21.55016,True
1865,-157.88637_21.58017,True
1866,-157.96660_21.66839,True
1867,-157.90611_21.39617,True
1868,-157.89485_21.57442,True
1869,-157.88734_21.58385,True
1870,-157.82696_21.31076,True
1871,-157.82797_21.30868,True
1872,-157.82904_21.30841,True
1873,-157.83017_21.30804,True
1874,-157.83268_21.31358,True
1875,-158.11586_21.55391,True
1876,-158.11452_21.55317,True
1877,-157.83374_21.31323,True
1878,-157.81540_21.32020,True
1879,-157.95971_21.67505,True
1880,-157.71109_21.32904,True
1881,-158.19877_21.45991,True
1882,-157.78136_21.31718,True
1883,-157.82885_21.31089,True
1884,-157.84391_21.33608,True
1885,-157.90629_21.39708,True
1886,-157.83267_21.31336,True
1887,-157.83481_21.31565,True
1888,-157.88930_21.57546,True
1889,-157.81305_21.32462,True
1890,-157.94773_21.38451,True
1891,-157.90728_21.39481,True
1892,-157.78556_21.31338,True
1893,-157.89157_21.57772,True
1894,-157.97786_21.68678,True
1895,-157.81687_21.32192,True
1896,-157.82678_21.31158,True
1897,-157.82984_21.30810,True
1898,-157.82728_21.31043,True
1899,-157.82372_21.32117,True
1900,-158.20031_21.46047,True
1901,-158.01920_21.42246,True
1902,-158.11835_21.55349,True
1903,-157.83276_21.31173,True
1904,-155.91636_19.52583,True
1905,-155.91942_19.52986,True
1906,-155.90470_19.51251,True
1907,-154.95714_19.50859,True
1908,-155.94762_19.61456,True
1909,-155.94035_19.64554,True
1910,-155.94984_19.64774,True
1911,-155.96675_19.67639,True
1912,-155.96696_19.67834,True
1913,-155.97732_19.71608,True
1914,-155.97671_19.71251,True
1915,-155.96725_19.69896,True
1916,-155.96795_19.69935,True
1917,-155.95817_19.70950,True
1918,-155.96121_19.69948,True
1919,-155.96130_19.69514,True
1920,-155.96218_19.69485,True
1921,-155.96207_19.69599,True
1922,-155.96498_19.69554,True
1923,-155.96462_19.69743,True
1924,-155.96443_19.69835,True
1925,-155.96822_19.69301,True
1926,-155.97035_19.69354,True
1927,-155.96325_19.70545,True
1928,-155.96758_19.70008,True
1929,-155.96860_19.70285,True
1930,-155.96883_19.70355,True
1931,-155.96911_19.70426,True
1932,-155.97293_19.70207,True
1933,-155.97133_19.70203,True
1934,-155.96565_19.69751,True
1935,-155.95981_19.69668,True
1936,-155.96264_19.69832,True
1937,-155.95792_19.69655,True
1938,-155.96569_19.69858,True
1939,-155.96747_19.69591,True
1940,-155.97033_19.69858,True
1941,-155.97186_19.70059,True
1942,-155.96830_19.69844,True
1943,-155.97273_19.69561,True
1944,-155.98277_19.73829,True
1945,-155.97935_19.72186,True
1946,-155.98167_19.73179,True
1947,-155.98205_19.73236,True
1948,-155.98085_19.72757,True
1949,-155.97617_19.72206,True
1950,-155.98054_19.73367,True
1951,-155.98046_19.73766,True
1952,-155.98231_19.72903,True
1953,-155.97734_19.72800,True
1954,-155.97810_19.71844,True
1955,-155.81362_20.10178,True
1956,-155.83658_19.81434,True
1957,-156.32444_20.77978,True
1958,-156.33690_20.78852,True
1959,-156.34383_20.79742,True
1960,-156.30918_20.77401,True
1961,-156.31050_20.77456,True
1962,-156.30921_20.77647,True
1963,-156.31891_20.78134,True
1964,-156.31737_20.78005,True
1965,-156.32665_20.78119,True
1966,-156.28930_20.84087,True
1967,-156.30646_20.86495,True
1968,-156.30760_20.86870,True
1969,-156.30303_20.87167,True
1970,-156.30813_20.87715,True
1971,-156.31306_20.87394,True
1972,-156.31279_20.87341,True
1973,-156.31047_20.87186,True
1974,-156.30455_20.87637,True
1975,-156.31237_20.87512,True
1976,-156.30955_20.89000,True
1977,-156.31116_20.87413,True
1978,-156.30870_20.87698,True
1979,-156.30996_20.87675,True
1980,-156.30985_20.87606,True
1981,-156.31414_20.88782,True
1982,-156.31379_20.88988,True
1983,-156.31314_20.89337,True
1984,-156.30088_20.86491,True
1985,-156.32361_20.90568,True
1986,-156.31731_20.87376,True
1987,-156.31817_20.87529,True
1988,-156.31852_20.87625,True
1989,-156.31572_20.87785,True
1990,-156.31209_20.87954,True
1991,-156.31303_20.88026,True
1992,-156.31432_20.88286,True
1993,-156.30989_20.87933,True
1994,-156.30281_20.87388,True
1995,-156.30445_20.88389,True
1996,-156.31907_20.89114,True
1997,-156.31753_20.88900,True
1998,-156.31744_20.88743,True
1999,-156.31854_20.88707,True
2000,-156.31966_20.88663,True
2001,-156.31986_20.89056,True
2002,-156.32084_20.88698,True
2003,-156.32167_20.88466,True
2004,-156.31767_20.88594,True
2005,-156.32519_20.90852,True
2006,-156.32641_20.90745,True
2007,-156.32772_20.90975,True
2008,-156.28555_20.92304,True
2009,-156.28327_20.91485,True
2010,-156.28600_20.91666,True
2011,-156.28660_20.91888,True
2012,-156.28324_20.92309,True
2013,-156.28117_20.91944,True
2014,-156.28316_20.91789,True
2015,-156.28214_20.91557,True
2016,-156.28244_20.91279,True
2017,-156.28485_20.92273,True
2018,-156.28430_20.92410,True
2019,-156.28202_20.92037,True
2020,-156.27912_20.90710,True
2021,-156.28112_20.91027,True
2022,-156.28300_20.92903,True
2023,-156.28039_20.90408,True
2024,-156.27686_20.89949,True
2025,-156.27805_20.89892,True
2026,-156.52377_20.93079,True
2027,-156.51428_20.91062,True
2028,-156.53505_20.88291,True
2029,-156.51425_20.88497,True
2030,-156.52548_20.88247,True
2031,-156.53022_20.88373,True
2032,-156.50815_20.86009,True
2033,-156.51577_20.87334,True
2034,-156.49076_20.88250,True
2035,-156.63464_20.86172,True
2036,-156.63236_20.85669,True
2037,-156.63064_20.85434,True
2038,-156.63888_20.85327,True
2039,-156.63740_20.85722,True
2040,-156.63655_20.85808,True
2041,-159.37949_22.10332,True
2042,-159.38215_22.06468,True
2043,-159.32982_22.08121,True
2044,-159.33535_22.09996,True
2045,-159.35916_22.18886,True
2046,-159.38232_22.06296,True
2047,-159.37724_22.10444,True
2048,-159.36143_22.08864,True
2049,-159.32471_22.10290,True
2050,-159.37509_21.97288,True
2051,-159.36589_22.05709,True
2052,-159.36376_22.08852,True
2053,-159.33092_22.08341,True
2054,-159.32675_22.08370,True
2055,-159.38230_22.06153,True
2056,-159.35924_22.06715,True
2057,-159.33126_22.09983,True
2058,-159.46222_21.91282,True
2059,-159.46584_21.91586,True
2060,-159.47236_21.91412,True
2061,-159.46274_21.90886,True
2062,-159.36698_22.05531,True
2063,-159.34241_22.09065,True
2064,-159.34292_22.08993,True
2065,-159.38122_22.06249,True
2066,-159.37856_22.10502,True
2067,-159.38016_22.06771,True
2068,-159.36645_22.06683,True
2069,-159.37636_22.06691,True
2070,-159.36723_22.07014,True
2071,-159.35570_22.08847,True
2072,-159.33633_22.10802,True
2073,-159.35843_22.19016,True
2074,-159.35825_22.19148,True
2075,-159.35701_22.19187,True
2076,-159.38185_22.06272,True
2077,-159.38084_22.06216,True
2078,-159.37348_22.06306,True
2079,-159.37619_22.10430,True
2080,-159.33867_22.10073,True
2081,-159.34095_22.10364,True
2082,-159.33874_22.08703,True
2083,-159.38001_22.06360,True
2084,-159.36284_22.06637,True
2085,-159.36613_22.06826,True
2086,-159.33028_22.08291,True
2087,-159.32836_22.08262,True
2088,-159.38249_22.06200,True
2089,-159.36263_22.06406,True
2090,-159.36090_22.06711,True
2091,-157.72939_21.33364,True
2092,-157.88852_21.58716,True
2093,-157.89526_21.59212,True
2094,-157.82974_21.30810,True
2095,-157.82362_21.32117,True
2096,-157.83266_21.31173,True
2097,-155.91658_19.52221,True
2098,-155.91678_19.52221,True
2099,-155.91829_19.52886,True
2100,-155.91849_19.52886,True
2101,-155.96489_19.69662,True
2102,-155.96509_19.69662,True
2103,-155.96105_19.69729,True
2104,-155.96125_19.69729,True
2105,-155.95880_19.70692,True
2106,-155.95900_19.70692,True
2107,-155.97198_19.69886,True
2108,-155.97218_19.69886,True
2109,-155.96747_19.69772,True
2110,-155.96767_19.69772,True
2111,-155.97616_19.72280,True
2112,-155.97636_19.72280,True
2113,-155.65649_20.03017,True
2114,-155.65669_20.03017,True
2115,-155.96895_19.68081,True
2116,-156.30372_20.81535,True
2117,-156.30392_20.81535,True
2118,-156.32024_20.86901,True
2119,-156.32044_20.86901,True
2120,-156.28882_20.84200,True
2121,-156.30386_20.86563,True
2122,-156.30406_20.86563,True
2123,-156.30396_20.88288,True
2124,-156.30416_20.88288,True
2125,-156.52037_20.88279,True
2126,-156.52057_20.88279,True
2127,-156.49734_20.85756,True
2128,-156.49754_20.85756,True
2129,-156.51483_20.85820,True
2130,-156.51503_20.85820,True
2131,-156.61247_20.95371,True
2132,-156.61267_20.95371,True
2133,-156.63562_20.85712,True
2134,-156.63582_20.85712,True
2135,-159.36294_22.06278,True
2136,-159.36314_22.06278,True
2137,-159.38526_22.06588,True
2138,-159.38546_22.06588,True
2139,-159.35392_22.19543,True
2140,-159.35412_22.19543,True
2141,-159.35660_22.19317,True
2142,-159.35680_22.19317,True
2143,-159.35963_22.06486,True
2144,-159.35983_22.06486,True
2145,-159.37556_22.06253,True
2146,-159.37576_22.06253,True
2147,-159.32847_22.09982,True
2148,-159.32867_22.09982,True
2149,-159.37419_22.06691,True
2150,-159.37439_22.06691,True
2151,-159.33031_22.08520,True
2152,-159.33051_22.08520,True
2153,-159.43631_22.18384,True
2154,-159.43651_22.18384,True
2155,-159.36100_22.06310,True
2156,-159.36120_22.06310,True
2157,-157.89586_21.39862,True
2158,-157.89606_21.39862,True
2159,-157.89329_21.58220,True
2160,-157.89349_21.58220,True
2161,-155.91392_19.52087,True
2162,-155.91412_19.52087,True
2163,-155.91402_19.52097,True
2164,-155.91785_19.51651,True
2165,-155.91805_19.51651,True
2166,-155.91795_19.51661,True
2167,-155.96314_19.69895,True
2168,-155.96334_19.69895,True
2169,-155.96324_19.69905,True
2170,-156.31777_20.78049,True
2171,-156.31797_20.78049,True
2172,-156.31787_20.78059,True
2173,-156.32157_20.87024,True
2174,-156.32177_20.87024,True
2175,-156.32167_20.87034,True
2176,-156.31830_20.89008,True
2177,-156.31850_20.89008,True
2178,-156.31840_20.89018,True
2179,-156.28150_20.91126,True
2180,-156.28170_20.91126,True
2181,-156.28160_20.91136,True
2182,-156.63616_20.94900,True
2183,-156.63636_20.94900,True
2184,-156.63626_20.94910,True
2185,-159.38366_22.06305,True
2186,-159.38386_22.06305,True
2187,-159.38376_22.06315,True
2188,-159.35509_22.19434,True
2189,-159.35529_22.19434,True
2190,-159.35519_22.19444,True
2191,-159.42323_22.18245,True
2192,-159.42343_22.18245,True
2193,-159.42333_22.18255,True
2194,-159.37649_22.06918,True
2195,-159.37669_22.06918,True
2196,-159.37659_22.06928,True
2197,-159.43209_22.17107,True
2198,-159.43229_22.17107,True
2199,-159.43219_22.17117,True
2200,-159.43603_22.18047,True
2201,-159.43623_22.18047,True
2202,-159.43613_22.18057,True
2203,-159.37137_22.06360,True
2204,-159.37157_22.06360,True
2205,-159.37147_22.06370,True
2206,-159.42228_22.18668,True
2207,-159.42248_22.18668,True
2208,-159.42238_22.18678,True
2209,-159.38446_22.06385,True
2210,-159.38456_22.06395,True
2211,-159.38456_22.06375,True
2212,-159.33161_22.10066,True
2213,-159.33181_22.10066,True
2214,-159.33171_22.10076,True
2215,-159.33171_22.10056,True
2216,-159.43736_22.17940,True
2217,-159.43756_22.17940,True
2218,-159.43746_22.17950,True
2219,-159.43746_22.17930,True
2220,-159.42826_22.17728,True
2221,-159.42543_22.18052,True
2222,-159.42563_22.18052,True
2223,-159.42553_22.18062,True
2224,-159.42553_22.18042,True
2225,-159.47875_21.96240,True
2226,-159.47895_21.96240,True
2227,-159.47885_21.96250,True
2228,-159.47885_21.96230,True
2229,-159.43466_22.18521,True
2230,-159.43486_22.18521,True
2231,-159.43476_22.18531,True
2232,-159.43476_22.18511,True
2233,-159.44686_22.19022,True
2234,-159.44706_22.19022,True
2235,-159.44696_22.19032,True
2236,-159.44696_22.19012,True
2237,-156.28513_20.91345,True
2238,-156.28533_20.91345,True
2239,-156.28523_20.91355,True
2240,-156.28523_20.91335,True
2241,-156.28513_20.91355,True
2242,-155.91880_19.51775,True
2243,-155.91890_19.51785,True
2244,-155.91890_19.51765,True
2245,-155.91880_19.51785,True
2246,-155.91880_19.51765,True
2247,-155.05489_19.60921,True
2248,-155.05509_19.60921,True
2249,-155.05499_19.60931,True
2250,-155.05499_19.60911,True
2251,-155.05489_19.60931,True
2252,-155.05489_19.60911,True
2253,-155.05509_19.60931,True
2254,-156.63717_20.85386,True
2255,-156.63737_20.85386,True
2256,-156.63727_20.85396,True
2257,-156.63727_20.85376,True
2258,-156.63717_20.85396,True
2259,-156.63717_20.85376,True
2260,-156.63737_20.85396,True
2261,-156.63737_20.85376,True
2262,-156.63707_20.85386,True
2263,-156.63747_20.85386,True
2264,-155.98074_19.73199,True
2265,-155.98094_19.73199,True
2266,-155.98084_19.73209,True
2267,-155.98084_19.73189,True
2268,-155.98074_19.73209,True
2269,-155.98074_19.73189,True
2270,-155.98094_19.73209,True
2271,-155.98094_19.73189,True
2272,-155.98064_19.73199,True
2273,-155.98104_19.73199,True
2274,-155.98084_19.73219,True
2275,-159.35549_22.08986,True
2276,-159.35569_22.08986,True
2277,-159.35559_22.08996,True
2278,-159.35559_22.08976,True
2279,-159.35549_22.08996,True
2280,-159.35549_22.08976,True
2281,-159.35569_22.08996,True
2282,-159.35569_22.08976,True
2283,-159.35539_22.08986,True
2284,-159.35579_22.08986,True
2285,-159.35559_22.09006,True
2286,-159.35559_22.08966,True
2287,-156.63676_20.86980,True
2288,-156.63696_20.86980,True
2289,-156.63686_20.86990,True
2290,-156.63686_20.86970,True
2291,-156.63676_20.86990,True
2292,-156.63676_20.86970,True
2293,-156.63696_20.86990,True
2294,-156.63696_20.86970,True
2295,-156.63666_20.86980,True
2296,-156.63706_20.86980,True
2297,-156.63686_20.87000,True
2298,-156.63686_20.86960,True
2299,-156.63666_20.87000,True
2300,-156.63666_20.86960,True
2301,-159.32775_22.08275,True
2302,-159.32795_22.08275,True
2303,-159.32785_22.08285,True
2304,-159.32785_22.08265,True
2305,-159.32775_22.08285,True
2306,-159.32775_22.08265,True
2307,-159.32795_22.08285,True
2308,-159.32795_22.08265,True
2309,-159.32765_22.08275,True
2310,-159.32805_22.08275,True
2311,-159.32785_22.08295,True
2312,-159.32785_22.08255,True
2313,-159.32765_22.08295,True
2314,-159.32765_22.08255,True
