<?xml version="1.0" encoding="UTF-8"?>
<metadata xml:lang="en"><Esri><CreaDate>20220305</CreaDate><CreaTime>09065100</CreaTime><ArcGISFormat>1.0</ArcGISFormat><SyncOnce>TRUE</SyncOnce><DataProperties><lineage><Process ToolSource="c:\program files\arcgis\pro\Resources\ArcToolbox\toolboxes\Data Management Tools.tbx\CopyFeatures" Date="20220305" Time="090651">CopyFeatures Final_Priority_Master_SEPTICS .\Outputs\OSDS_Dots\Final_Priority_Master_SEPTICS.shp # # # #</Process></lineage></DataProperties></Esri></metadata>
