Name_ID,BlockGp_ID,Final_Prioity_Score,OSDS_count,Soil_Suitability_Rank,SLR_Rank,WELLCZ_Rank,dist2_coast_m_Rank,dist2_Strm_Wtlnd_m_Rank,rainfall_in_Rank,dist2_MunWells_m_Rank,dist2_DomWells_m_Rank,Dep_to_Water_m_Rank,OSDS_Density_perAcre_Rank,Swim_beach_Rank,UserDays_Rank,Fish_Rank,Coral_Rank,Wave_pwr_Rank,CESSPOOL_Density_perAcre_Rank,In_2017_CP_zone,Final_Cat_Ranking,Fin_Rank
Oahu: : BkGp#9: CPs=24,9,34.88382764288814,24,36.867142857142845,100.0,0.0,20.771497978446337,21.292755872814528,50.0333266087186,3.2648843102921323,9.852316960339342,100.0,18.09923097024496,0.0,4.744224422442245,0.0,0.0,93.21586230576933,100.0,1.0,High,1.0
Oahu: : BkGp#11: CPs=42,11,35.775219886618004,42,16.293095238095237,85.66666666666667,0.0,27.755670982815726,52.716973108763156,37.22534629215273,13.360993054432177,11.55737333139059,97.50347448521086,29.200121048655234,14.285714285714286,61.05610561056105,43.214285714285715,10.214285714285714,52.8987593039982,19.45465334886079,0.9761904761904762,High,1.0
Oahu: : BkGp#27: CPs=24,27,28.595319642186652,24,31.548819444444458,74.91666666666667,0.0,27.671589007066334,33.00350612055763,48.315492865088935,11.064344500828815,48.110684085920944,93.75536562521552,9.91962766854747,0.0,2.103960396039605,0.0,0.0,59.28233026536529,17.8327276292448,0.0,Medium,2.0
Oahu: : BkGp#33: CPs=146,33,26.384091425146547,146,36.348571428571546,100.0,0.0,33.804665245261795,12.162498747655928,50.086620186277145,5.82005171838333,3.7332502931660128,99.98801551933195,15.164556403730806,0.0,8.971924589719238,0.0,2.4863013698630136,37.63438877212648,15.944618528257687,0.0,Medium,2.0
BI: : BkGp#43: CPs=114,43,31.925010452499563,114,28.659498746867218,0.0,0.0,7.0403049469098855,31.315221905122932,8.999313354126535,20.993665865571813,45.231335332293476,27.31174646709492,36.9044904537221,25.43859649122807,16.710092061837756,45.1578947368421,95.6140350877193,29.27989636050803,92.144075430149,1.0,High,1.0
BI: : BkGp#46: CPs=29,46,34.62394758074538,29,33.44333333333336,81.44827586206897,0.0,37.53290655348369,5.073677938288294,10.013962782311353,3.77180594085173,6.442311171686753,97.2810207291125,15.378679526616384,6.896551724137931,8.091498805052916,63.724137931034484,98.82758620689656,25.857789354485195,60.19962343256602,1.0,High,1.0
BI: : BkGp#47: CPs=119,47,23.627377833632735,119,30.017739095638234,39.64705882352941,0.0,17.921955878036993,8.258237671929681,9.73030869413628,7.303716376932973,10.349708291748371,72.32828082904827,11.32122058323905,20.168067226890756,22.630834512022606,33.554621848739494,51.403361344537814,24.218032044005323,19.184902117688438,0.7142857142857143,Low,3.0
Oahu: : BkGp#66: CPs=37,66,31.477269999729817,37,30.165,32.4054054054054,0.0,83.79430576159213,3.2287426259615906,46.06409077291717,6.519955802500712,4.951175522424952,78.04691243584357,18.193688171440545,0.0,66.17607706716615,33.0,0.0,38.51499812713158,62.575968303293,1.0,Medium,2.0
Oahu: : BkGp#71: CPs=43,71,31.584269283690215,43,19.845741971207094,8.511627906976743,0.0,14.326624702193046,41.805195311761885,41.36987065440038,21.79007493863023,28.36534038473404,37.6908909340412,12.048399774712184,97.67441860465117,13.815335021874283,33.0,32.23255813953488,60.65287345554742,42.21935673877894,0.0,High,1.0
Oahu: : BkGp#84: CPs=82,84,30.55408873851528,82,18.50184959349593,41.84146341463415,0.0,59.33572224757124,35.53858727211532,19.50546781060488,5.947597325644337,14.348136105760297,78.32370837844392,14.36853381631658,0.0,30.4032842308621,24.548780487804876,25.353658536585368,99.75697537252452,21.091655223880906,0.0,Medium,2.0
BI: : BkGp#90: CPs=259,90,29.606058502554546,259,32.2933149476008,0.0,0.0,8.660982024352238,15.661977365880665,9.389220583373467,15.778281052423646,23.535532771212083,46.37267075889659,55.79861635895043,11.96911196911197,17.921174356817954,40.77220077220077,95.48648648648648,31.687510005583505,68.36985658798233,0.9922779922779923,Medium,2.0
BI: : BkGp#91: CPs=39,91,23.225996494679528,39,33.362857142857145,0.0,0.0,8.744427578551035,7.800280271774654,8.616010360321262,12.9091828011364,17.444328460544323,16.32317281312231,16.560550279769075,0.0,86.5955826351866,11.0,0.0,52.50687317807519,99.7526783935345,1.0,Low,3.0
BI: : BkGp#92: CPs=199,92,25.761539827762146,199,32.05705671213217,0.0,0.0,9.146121147719095,5.5395661665804425,9.030371366767215,10.588845000461287,40.036749525106906,32.214216679141146,49.04533360289677,0.0,44.08677048609381,31.507537688442213,14.57286432160804,36.7080201410583,97.65118440618704,1.0,Medium,2.0
BI: : BkGp#93: CPs=106,93,26.39613971206353,106,29.350431266846403,0.0,0.0,6.676884659156145,35.81436089252699,8.517080174723992,10.011929970536102,15.525638358383969,15.397735988991812,57.93516063627339,0.0,15.710816364655326,33.0,60.37735849056604,36.42910308732781,97.59173550302857,1.0,Medium,2.0
BI: : BkGp#94: CPs=37,94,23.772569884066304,37,32.94711068211067,0.0,0.0,6.284941185817105,27.203010081791266,7.949185691675941,11.099251454245618,7.903357671448073,10.300484515198226,16.119646456124745,0.0,97.75220765319777,12.486486486486486,0.0,50.98392816509838,99.33150810186672,1.0,Low,3.0
Oahu: : BkGp#98: CPs=35,98,23.678569442981942,35,18.639736054421768,10.457142857142857,0.0,45.35258458407672,21.872436145652102,20.705213753563754,7.966656095347894,10.354330129558457,54.60968852494907,9.968492967580033,0.0,13.550212164073555,27.34285714285714,20.742857142857144,100.0,17.294903525630595,0.6285714285714286,Low,3.0
Oahu: : BkGp#105: CPs=25,105,22.24016428428066,25,16.564447619047613,0.0,0.0,10.65709773416429,30.994129656377794,27.355322402454064,6.4484421997000645,24.761012697422437,27.7359033216326,11.635857087929116,84.0,24.000000000000004,0.0,0.0,84.05732796663146,7.633087863131123,0.0,Low,3.0
Oahu: : BkGp#111: CPs=36,111,35.14979441583783,36,31.669034391534385,69.44444444444444,0.0,72.82109739767775,16.365851055179306,41.790582454194606,13.740983134078137,40.55922290821308,83.27885315227735,15.0008964148518,2.7777777777777777,17.93179317931794,31.166666666666668,55.916666666666664,24.844367926246704,45.088473084278775,0.0,High,1.0
Oahu: : BkGp#112: CPs=28,112,21.618708499710287,28,27.811173469387768,3.5714285714285716,0.0,13.484132671488467,32.387142827227336,43.17947682601724,3.6782737685013793,18.519252889503395,56.49605710413412,8.209347112849125,0.0,4.702970297029703,4.714285714285714,64.82142857142857,51.34684873222004,12.977517439863107,0.0,Low,3.0
BI: : BkGp#140: CPs=65,140,21.07275435916472,65,30.2448791208791,0.0,3.076923076923077,6.82154011884721,10.589031599491875,8.28002298938174,11.067793235819806,10.875812478049973,12.182392715610446,21.964808183680642,0.0,55.034272658035,28.93846153846154,0.0,38.48050211876719,99.60762991268786,1.0,Low,3.0
BI: : BkGp#141: CPs=155,141,19.682310641901235,155,25.219365591397885,0.0,0.0,7.142856823672343,18.01593739446544,7.514055811035846,10.91859641406653,8.949820416062135,7.926838452510464,31.887498925751522,0.0,23.653784733312076,30.44516129032258,0.0,68.93171616373996,74.31133825408305,0.9741935483870968,Low,3.0
BI: : BkGp#142: CPs=26,142,20.432526244545684,26,28.618571428571418,0.0,0.0,7.946306646482911,7.193171007841061,7.783263394504987,10.689533570221515,8.824320817186882,8.686632471148304,27.771754528061557,0.0,16.831683168316832,33.0,0.0,69.57518288039547,100.0,1.0,Low,3.0
BI: : BkGp#143: CPs=46,143,26.911089895031065,46,26.5209575569358,0.0,0.0,10.414737074903353,40.15632013962133,7.934991122786807,20.219350379561128,12.808913414954334,12.071515916622946,19.479740992536584,0.0,100.0,33.0,0.0,69.57518288039547,78.39572884217928,1.0,Medium,2.0
BI: : BkGp#144: CPs=83,144,22.048295380483367,83,32.283089500860605,0.0,0.0,10.234017143464728,11.062358574265309,8.159748770230001,18.410691334987842,9.52737213659939,13.235099290697807,17.51958099280537,0.0,44.315877370869636,31.80722891566265,0.0,69.27476920243893,86.94289285485169,1.0,Low,3.0
BI: : BkGp#145: CPs=65,145,25.885267128397746,65,30.319677655677634,0.0,26.923076923076923,5.645511490525942,16.51748414210757,8.655053312941568,15.5758504601078,19.447687542441248,17.827555689412364,18.73872703661166,38.46153846153846,12.003046458492,41.12307692307692,78.38461538461539,22.36406593576516,62.177306637973345,0.7076923076923077,Medium,2.0
BI: : BkGp#146: CPs=43,146,26.136259175542058,43,28.83786267995568,0.0,27.906976744186046,5.828908258093311,16.015144892785166,8.332507295315269,8.894294511278765,12.357444167165363,12.475019767589332,18.709675088315596,0.0,17.453373244301165,37.604651162790695,100.0,32.907268439121225,90.85702055777531,1.0,Medium,2.0
BI: : BkGp#147: CPs=156,147,20.234953909404595,156,30.216659035409073,0.0,4.487179487179487,5.069773480449733,11.643169180788362,7.631230058000546,6.721349225879346,6.759842825705857,8.579987331469075,47.01956167557664,3.8461538461538463,15.283066768215285,34.05769230769231,43.57692307692308,34.50046685312333,64.3662073979077,0.9166666666666666,Low,3.0
Oahu: : BkGp#155: CPs=30,155,25.975729502246512,30,31.12170000000001,26.666666666666668,0.0,23.082082056751588,30.83946405616842,47.05837359655688,3.9789488301286338,23.92680043772445,70.89967628411335,7.52523487939726,36.666666666666664,9.636963696369637,0.0,49.5,41.868939097283175,12.840155768117524,0.0,Medium,2.0
BI: : BkGp#185: CPs=30,185,17.411165780191013,30,32.885658730158745,0.0,0.0,4.999916132159555,16.787724458053695,22.31978867515732,16.163925994893635,2.3911274178653037,5.254394339304856,8.685251312132028,0.0,2.4752475247524757,40.8,37.4,16.715473406395585,71.700144492183,0.0,Low,3.0
BI: : BkGp#186: CPs=34,186,17.86387325891523,34,20.102415966386552,0.0,0.0,10.882560000874303,18.272887056505517,28.639183896773638,19.106576544711317,3.280820286103953,8.107174594453124,11.936096946144108,0.0,1.2813046010483395,78.05882352941177,33.0,14.356949048214796,38.797179672016256,0.0,Low,3.0
BI: : BkGp#187: CPs=98,187,14.601723995611376,98,35.28298833819249,0.0,16.3265306122449,4.0477505335591895,3.3378504765636188,8.3536739479247,12.342672900763214,29.820211971007456,10.673326663301284,9.638880806845131,0.0,1.7074156395231348,2.693877551020408,69.1938775510204,17.16308333736037,13.045443600455837,0.0,Low,3.0
BI: : BkGp#188: CPs=463,188,11.46724978666558,463,40.659614316568806,0.0,0.0,1.9660217281873227,3.276431187442539,8.315924611164263,2.758317005689572,1.2180940165073355,1.8341779672977263,25.930482123392032,0.0,1.7385539849881209,24.019438444924408,32.92872570194385,14.813343982984447,24.01687151555884,0.023758099352051837,Low,3.0
BI: : BkGp#189: CPs=36,189,21.334904573114045,36,35.296593915343905,2.7777777777777777,0.0,55.16528033826748,29.188721065935834,8.75457543848571,20.002444570766087,12.808025857443155,16.363033568324838,7.242666816124126,0.0,9.405940594059405,100.0,9.166666666666666,11.424568770353645,23.762177790275963,0.0,Low,3.0
BI: : BkGp#190: CPs=44,190,15.759235555173621,44,31.323425324675323,0.0,1.1363636363636365,24.148898386791316,27.141148916226804,18.695171856129967,10.260569921298679,15.882037441095308,17.2533054817857,4.112785586033805,0.0,5.783078307830783,44.25,17.25,21.875832215336132,13.035151809210468,0.0,Low,3.0
BI: : BkGp#191: CPs=86,191,16.511739020276615,86,29.411777408637892,0.0,0.5813953488372093,18.07919265372714,37.464428032072796,19.376472148354157,10.55752893125396,12.394801522911614,11.821849713395535,16.39586752966086,0.0,7.471793690997003,33.0,0.0,15.444327026081409,52.18839031849629,0.0,Low,3.0
BI: : BkGp#192: CPs=81,192,17.271958711438607,81,28.694232804232797,0.0,0.0,13.881681289623165,26.531235701703714,21.58432860973644,37.29600514226151,31.2583126427824,10.137913894796146,28.688649384675625,0.0,1.1856741229678505,33.0,0.0,15.22503786157842,28.868267928659574,0.0,Low,3.0
BI: : BkGp#193: CPs=133,193,28.078500077004033,133,42.51278195488716,0.0,9.774436090225564,10.74427637921144,3.9910411866051985,26.229398974856785,19.96858375868254,9.575832237433735,4.2444879959396875,11.429751390835728,44.3609022556391,48.81262562346462,65.78195488721805,76.73684210526316,47.92949028026682,27.163596111535014,0.24060150375939848,Medium,2.0
BI: : BkGp#194: CPs=461,194,23.97818131362197,461,34.64577058155147,0.0,44.57700650759219,5.243741786324855,3.749711277567797,29.321692101902304,26.452613850192616,2.8391577171295745,3.012029676398271,18.915255550925725,0.0,29.032881596185796,35.29284164859002,80.13232104121475,56.437326546869144,13.998551135507213,0.0021691973969631237,Low,3.0
BI: : BkGp#195: CPs=27,195,32.10046036805605,27,41.85407407407407,0.0,18.51851851851852,16.32019018524559,2.7941448460921117,28.9284438261497,21.033311791973208,15.445666416307553,6.511667631695578,6.226413102261328,85.18518518518519,50.01833516685001,59.888888888888886,69.77777777777777,48.174812413687015,42.92993606419018,0.9629629629629629,High,1.0
BI: : BkGp#197: CPs=38,197,21.976664406768815,38,23.37092105263159,0.0,9.210526315789474,38.64131835699872,27.860151563360624,8.853274973703911,24.20430976563061,31.595217510999202,19.34642080745565,5.555868209557175,0.0,3.85617509119333,78.57894736842105,39.078947368421055,12.327986104606062,29.14656601953261,0.0,Low,3.0
BI: : BkGp#198: CPs=43,198,19.576148102022312,43,16.96813953488372,0.0,0.0,50.81681170614602,37.84052630554548,9.499158801300283,15.682094032633742,45.114135512990494,30.068775741234482,5.2211116051155395,0.0,6.815565277457984,39.13953488372093,37.604651162790695,12.37111793389503,6.07674713464255,0.0,Low,3.0
BI: : BkGp#200: CPs=447,200,27.81410098871153,447,27.129726217108797,0.0,6.823266219239374,2.7755678701745743,31.098879115147117,30.404658220303343,15.4085973922998,1.744585396740349,2.2068970143064806,39.15110382263163,35.79418344519016,8.724832214765138,33.0,64.81879194630872,99.57744111896048,46.36708582620742,0.0,Medium,2.0
BI: : BkGp#201: CPs=196,201,24.521292546624647,196,21.106303449951415,0.0,0.0,2.963128102973099,16.619437922350482,31.206917990014936,11.549841151872227,1.9884256626836483,1.9567784004301936,16.158282427866855,57.142857142857146,8.112750050515245,37.37755102040816,60.275510204081634,96.2320501789448,29.650847041044365,0.0,Low,3.0
BI: : BkGp#202: CPs=319,202,25.414995898639,319,30.242772055530608,7.714733542319749,0.0,44.30246147022383,1.1807247604127458,34.414521504036856,4.549209993037487,21.607504880749957,35.39239827199271,19.77035008702049,0.0,7.818368043700914,59.288401253918494,80.50470219435736,41.17607937168157,18.677706949241095,0.30094043887147337,Low,3.0
BI: : BkGp#203: CPs=84,203,22.559520494674796,84,43.4082993197279,0.0,14.880952380952381,9.939893447020735,3.5678251614910166,21.9716195223421,13.961632430028502,2.77142164731785,3.925521834246288,5.670483327051619,0.0,14.403583215464394,59.63095238095238,99.5952380952381,49.2812313402763,17.943673812687177,0.20238095238095238,Low,3.0
BI: : BkGp#204: CPs=54,204,24.528244005563767,54,38.739603174603175,1.8518518518518519,0.0,20.145303905999413,3.8837623037158466,25.745040257485016,20.001964889700556,5.798438335699414,10.080599913325296,22.66824144875812,0.0,4.437110377704441,36.129629629629626,99.37037037037037,41.80418784866248,61.79579978151472,0.2777777777777778,Low,3.0
BI: : BkGp#206: CPs=85,206,34.902643295544976,85,43.961865546218554,0.0,0.0,17.314763577457196,3.2232001822582843,31.18719899404067,17.946695857656554,18.581693738059883,9.326608320362105,15.095960634802475,29.41176470588235,61.77052999417591,98.4,84.4,52.80446567639043,75.01754550141534,1.0,High,1.0
BI: : BkGp#207: CPs=31,207,17.233272260737138,31,25.207634408602154,0.0,9.67741935483871,20.95597749999204,40.502325726830925,7.922836427877302,15.230437776857345,18.388711611582576,11.959205445851918,3.6901763839109916,0.0,12.93516448419035,57.54838709677419,29.806451612903224,16.015319644237533,5.892308697344892,0.0,Low,3.0
BI: : BkGp#208: CPs=21,208,18.54425941462945,21,28.923469387755112,4.761904761904762,0.0,13.65520223279875,34.34720088380146,7.21380546748846,12.44516078545327,14.854758020747846,13.907997481858084,6.637163599823383,9.523809523809524,30.69306930693069,51.857142857142854,7.857142857142857,48.71171353294318,11.318609934470977,0.0,Low,3.0
BI: : BkGp#209: CPs=34,209,20.8775960882467,34,27.427121212121214,2.9411764705882355,0.0,45.74847985920631,32.19995495291699,10.879735803049648,15.09643337194068,38.18497312883499,17.303606641642194,3.773990155739698,0.0,11.502620850320326,73.08823529411765,30.08823529411765,15.964665969840834,9.507423482806958,0.0,Low,3.0
BI: : BkGp#210: CPs=82,210,18.33207703873975,82,30.081736353077766,0.0,0.0,6.553798827765173,19.454789752812445,10.267996206302474,23.702502138633463,7.491331211529784,11.329458550261679,17.219605924142247,0.0,4.733156242453514,81.95121951219512,33.0,12.85185766184354,34.675780238818724,0.0,Low,3.0
BI: : BkGp#211: CPs=375,211,21.975203289248025,375,31.222196825396736,0.0,0.5333333333333333,25.027791218074373,0.8746578921282676,10.578832855450758,7.925147115059202,15.047602459651063,27.002645731597788,39.17405256406263,0.0,7.382178217821779,95.79733333333333,33.0,12.66735299997636,45.37012808208258,0.0,Low,3.0
BI: : BkGp#212: CPs=217,212,23.85390842581318,217,31.33120035110829,2.142857142857143,1.3824884792626728,31.102478606877465,0.9117626062411719,10.394409574752768,8.12011628028465,22.065982853975708,35.61190566751612,29.801854448466734,0.0,4.982433727243687,84.82488479262673,33.0,12.777793842794559,73.21236643900326,0.018433179723502304,Low,3.0
BI: : BkGp#213: CPs=298,213,12.264034475395404,298,30.951344678811108,0.0,0.0,1.8397591515161171,12.427122985978212,8.497463050462596,4.864088375387651,1.4756190936785658,2.2303299801243837,16.895995813073874,0.0,1.913748421822046,21.48993288590604,44.848993288590606,17.41431424342685,31.37583963754837,0.0,Low,3.0
BI: : BkGp#214: CPs=71,214,15.841479334226662,71,21.723497652582154,0.0,0.0,5.225722303232095,20.315189987818275,37.863684205164475,3.7556761149881623,2.295173121888106,2.2294094056809395,6.487545934662666,0.0,5.076000557802258,64.84507042253522,37.7887323943662,40.09752360349682,5.76044364340921,0.0,Low,3.0
BI: : BkGp#215: CPs=230,215,18.165537273192378,230,32.97967494824016,0.0,0.0,4.285688784372261,14.62265691217386,6.42180740104558,19.692590906500467,5.722653509494503,4.508186454802046,40.50746385238127,0.0,28.196297890658702,11.047826086956523,0.0,64.0101283417838,58.65362128266906,0.08260869565217391,Low,3.0
BI: : BkGp#216: CPs=65,216,26.109077898599423,65,29.589516483516455,0.0,0.0,10.754897654834593,25.425242454230254,7.570849324535986,22.31488129346702,18.27115299461259,12.31838690315978,26.27540237032505,0.0,100.0,39.6,0.0,69.5751828803955,56.04973401851361,1.0,Medium,2.0
BI: : BkGp#217: CPs=82,217,27.597093362522223,82,30.309152148664356,1.6219512195121952,0.0,12.07576520877209,11.414198869470612,9.174273476472916,7.775964441132929,32.16810873074015,58.851444395615154,36.001861720133626,0.0,93.04515817435396,19.317073170731707,4.878048780487805,45.47430432934722,79.44618913492093,1.0,Medium,2.0
Oahu: : BkGp#225: CPs=23,225,17.90088444357157,23,13.08644927536232,0.0,0.0,10.084833555210684,28.674456107459072,21.56616833961572,14.495838479844293,17.352460083570808,44.16862779231002,7.821381728061763,0.0,28.153250107619453,0.0,0.0,92.77559484144679,8.235090786644193,0.0,Low,3.0
Oahu: : BkGp#259: CPs=104,259,44.20771047291335,104,27.70222756410258,94.1923076923077,0.0,65.85706859533857,8.077713186584994,33.374437103799025,12.669669321635958,6.015060983229655,98.93506933573116,41.30241975058306,66.34615384615384,57.94935262757039,33.0,0.0,74.65015761249748,87.25172994707894,1.0,High,1.0
Oahu: : BkGp#262: CPs=156,262,42.54126848014396,156,26.85727956989249,85.23717948717949,3.2051282051282053,67.00447477070776,49.09736600407166,18.570652609294978,33.69790199490304,13.065167360933982,94.9375735670676,35.779757486710174,0.0,34.596344249809626,94.11538461538461,16.28846153846154,38.35027370886552,69.73423631854423,0.0,High,1.0
Oahu: : BkGp#263: CPs=83,263,41.49137832694108,83,29.185404475043033,89.144578313253,0.0,86.99424548146497,25.102569346302353,20.853130998898337,20.955363468560652,25.48088168008133,97.28013758950203,40.07485882604271,0.0,29.142311821543583,88.93975903614458,18.686746987951807,24.109630998719478,67.91243420754937,0.0,High,1.0
BI: : BkGp#264: CPs=277,264,23.425642227437585,277,29.76536702767765,5.379061371841155,0.0,41.759022286627406,0.906116179713347,10.25754584367748,3.0605103402666827,78.60651962231638,58.78461209630104,20.01245799237179,0.0,3.5278979161453936,61.83032490974729,23.111913357400724,14.739839341756111,23.069087353158938,1.0,Low,3.0
BI: : BkGp#265: CPs=90,265,17.303672501252212,90,41.65728042328039,0.0,0.0,6.412977694404273,1.0801087586556042,9.542918888238905,4.632851720180532,42.29724692376454,16.659643316065786,7.108818712019025,0.0,2.5302530253025264,61.6,21.633333333333333,14.819993816898682,46.8833334078917,1.0,Low,3.0
BI: : BkGp#266: CPs=29,266,11.70322455733262,29,37.294991789819356,0.0,5.172413793103448,2.8581472997673094,6.940587177234655,8.104612966962698,4.59738071780147,4.386240197095558,5.884762141874755,3.5938971016082415,0.0,2.4240355069989756,35.275862068965516,39.96551724137931,16.91319966804191,13.839945246668698,1.0,Low,3.0
BI: : BkGp#267: CPs=94,267,15.304096730279175,94,40.80902735562308,0.0,0.0,3.910973698073313,1.271120543542326,9.108258070256607,5.48916525498097,14.002153952181033,9.075927710817009,19.923424893472205,0.0,3.9393301032230905,60.03191489361702,25.27659574468085,14.653473286691867,37.37418217730736,1.0,Low,3.0
BI: : BkGp#268: CPs=65,268,14.086103827399793,65,41.14245421245418,0.0,0.0,4.744000023812476,2.789521189164154,9.107433235055016,3.729511692542337,23.540125826081557,13.118845392854523,9.554691742424382,0.0,3.396801218583398,61.93846153846154,4.061538461538461,15.714655059167988,32.53962164625665,1.0,Low,3.0
BI: : BkGp#269: CPs=74,269,15.8908100837241,74,40.31723938223941,0.0,0.6756756756756757,4.203739325358564,3.7861551612465814,8.521474857371443,19.4931406071276,7.380528041636896,9.903077575780136,7.099975916995226,0.0,2.6625635536526615,1.337837837837838,96.36486486486487,19.148510955173926,33.35817758462487,0.21621621621621623,Low,3.0
BI: : BkGp#270: CPs=123,270,18.790849227892092,123,33.36734030197447,0.0,1.6260162601626016,6.241160429741988,16.745581365487997,9.13855614722136,16.956861436127564,18.57224905265843,21.277613586637173,25.83811496409715,0.0,2.986396200595663,1.8780487804878048,89.35772357723577,17.900671210918865,38.767254332926676,0.024390243902439025,Low,3.0
BI: : BkGp#271: CPs=71,271,12.219869363795691,71,40.493340040241435,0.0,0.0,2.1668720328696045,5.9422768986264,7.363164603463155,11.128281003651297,2.6793591264170353,3.9943869169976542,4.8788557342118875,0.0,2.4264398270812997,20.91549295774648,54.59154929577465,17.838766119214277,21.099125264435845,0.7464788732394366,Low,3.0
BI: : BkGp#272: CPs=731,272,16.437792399575084,731,44.27666666666754,0.0,14.021887824897401,3.636041555012577,1.3757184005156529,9.175400097590042,7.035095408936852,8.250176340751118,7.995286103095397,51.89398184104667,0.0,1.1959745906191066,25.551299589603282,33.0,14.210697505223198,41.3864524692435,1.0,Low,3.0
BI: : BkGp#273: CPs=216,273,12.98745493122847,216,33.31003527336869,0.0,0.0,5.385104885342039,1.3195659082490034,10.313174307798889,8.89081624046233,5.278315203850166,11.647731181629476,16.34350806561775,0.0,2.8144481114778026,35.91203703703704,33.0,11.87752087440958,31.707021810412805,0.0,Low,3.0
BI: : BkGp#274: CPs=246,274,24.16515973776168,246,27.8746951219512,2.4227642276422765,0.0,52.36315005180166,6.727362434237607,13.114426043907567,6.785266755887483,51.962103327064874,40.681235041777335,28.032642451867115,0.0,16.839732753763162,62.65447154471545,33.26829268292683,16.344787433796807,27.571625932847294,0.0,Low,3.0
Oahu: : BkGp#276: CPs=59,276,29.289211638216813,59,18.347041969330114,3.9322033898305087,20.338983050847457,18.038605304365813,14.03224522943196,36.27464060588165,22.548038690759437,16.099199782531215,67.21185919714567,31.09207015384283,0.0,2.819264977345189,59.28813559322034,26.28813559322034,59.8612326690995,72.45573000461665,0.559322033898305,Medium,2.0
Oahu: : BkGp#311: CPs=205,311,32.5402238832709,205,27.17191869918695,88.78048780487805,5.853658536585366,66.47639201923141,16.66675943073649,35.71525318341937,11.630995351815914,14.301549094890666,92.11302541309679,25.459422982515136,0.0,22.241004588263703,40.082926829268295,23.507317073170732,20.301021823910144,30.341849301365443,0.2926829268292683,High,1.0
Oahu: : BkGp#314: CPs=99,314,34.62882536098471,99,21.217739297739286,69.0,0.0,74.33318171705363,20.603123833694912,21.850249507274317,9.073039563001423,6.346100910161625,88.37241915782447,29.742208699280642,0.0,31.943194319431978,63.0,0.0,65.56611757195711,53.01383119833633,0.0,High,1.0
Oahu: : BkGp#315: CPs=96,315,41.361473048409024,96,27.560486111111107,100.0,0.0,68.12428184278151,19.002506009711038,36.86150262101721,9.037353762691483,8.914517818419927,100.0,45.3614763726971,0.0,3.9913366336633636,66.0,33.0,48.007473450419546,95.92263415203222,1.0,High,1.0
Oahu: : BkGp#317: CPs=27,317,31.26679953824836,27,27.854074074074088,97.51851851851852,0.0,78.24146132305692,15.635677580836743,24.71247958455655,33.95876795950509,9.088893813879169,99.52654343012527,9.266911965528076,0.0,23.395672900623396,44.0,0.0,22.355880281935832,14.713911179334128,0.0,Medium,2.0
Oahu: : BkGp#319: CPs=43,319,34.57630471553251,43,32.69457364341083,100.0,0.0,74.37189165924931,39.16058737573816,31.441879788838182,2.9910059880216338,5.914314262484117,100.0,21.1791195912266,0.0,8.7036610637808,33.0,0.7674418604651163,29.249613700458017,73.74678651484734,0.0,High,1.0
BI: : BkGp#320: CPs=174,320,29.5837315348791,174,28.639797482211282,65.46551724137932,0.0,56.598876543087655,15.51738627723497,14.610608919697466,2.0502360927698393,8.586036206287474,88.75694114170368,31.066081183379627,0.0,13.076135199726899,62.96551724137931,33.0,13.269013191884085,39.73755783732389,0.9367816091954023,Medium,2.0
BI: : BkGp#321: CPs=626,321,16.989107169550305,626,27.872828236726022,0.3194888178913738,9.904153354632587,3.546384879509489,1.1309199033066675,35.03784118583204,11.068544082902028,4.306587701478018,2.4478974873589703,9.148706729312927,0.0,1.1450985354126382,55.522364217252395,66.23482428115015,33.800045598227456,10.34002970181235,0.0,Low,3.0
BI: : BkGp#322: CPs=63,322,15.759217840797561,63,30.68475812547243,0.0,0.0,5.99029207643137,2.9400501388711913,32.97746798010276,6.26617920434121,5.849233673736406,4.8932784126746105,4.937505858967408,0.0,1.3358478705013341,66.31746031746032,45.57142857142857,22.851292832478045,21.532690390295315,0.0,Low,3.0
BI: : BkGp#323: CPs=38,323,33.63246570672454,38,43.087518796992484,0.0,0.0,14.191678326824865,22.216034094231073,30.157015255785698,12.534191011008373,6.597438185381603,8.510103854342354,6.8473845446247985,0.0,86.63366336633665,100.0,100.0,55.26574496325153,52.07867890881329,0.9473684210526315,High,1.0
BI: : BkGp#324: CPs=31,324,36.49102034503102,31,42.665714285714266,0.0,0.0,34.5513492688647,14.336701222362615,36.79515203919098,6.661218404956284,7.145851307626541,25.27442937974694,13.937468168972476,0.0,90.03513254551261,100.0,100.0,56.05929407971036,56.394014817838446,1.0,High,1.0
BI: : BkGp#325: CPs=26,325,36.549022798241886,26,41.05930402930404,0.0,0.0,36.06692267983199,22.561898886375353,36.786726894795024,6.9547088913245085,5.35297525047479,34.415712735206604,17.063910378895017,0.0,98.36252856054837,71.23076923076923,100.0,56.45863466604774,58.470272568297474,0.9615384615384616,High,1.0
BI: : BkGp#326: CPs=89,326,24.387120331320997,89,39.700401284109155,0.0,10.674157303370787,14.557337643338514,4.876601596752451,23.77269151839818,9.889005024260248,4.083108170441123,3.659337222128433,12.259879893182891,0.0,2.36956279897653,60.853932584269664,100.0,49.14278213369053,54.355128128217444,0.0,Low,3.0
BI: : BkGp#327: CPs=81,327,24.513179370480444,81,39.70331569664903,0.0,32.71604938271605,9.074935631314826,7.6580375978182635,22.26987902224684,32.49976476240549,5.652559020179285,3.510388064345465,28.633567711282545,0.0,4.522674489671194,32.19753086419753,97.90123456790124,40.39230518785319,35.478627929106004,0.0,Low,3.0
BI: : BkGp#329: CPs=38,329,19.83060421936614,38,42.70673558897242,0.0,0.0,20.12397357731852,4.6288149212427,23.88518025314975,9.74492422428338,15.846195760211332,10.793560689579326,10.275773132202692,0.0,13.913496612819179,15.631578947368421,82.10526315789474,39.78320943008446,27.850961214731395,0.34210526315789475,Low,3.0
BI: : BkGp#330: CPs=55,330,35.63404435094906,55,38.961359307359295,10.89090909090909,0.0,68.04143104890595,2.7052494619672975,35.384051291666,10.945046680816267,25.382889361966747,62.73399130111773,12.08688467532198,54.54545454545455,45.22052205220521,75.98181818181818,69.0909090909091,48.394804010205654,9.779389514561984,1.0,High,1.0
Oahu: : BkGp#347: CPs=56,347,28.670740816691225,56,27.22290901360545,0.0,38.392857142857146,9.315644802127895,29.918328247115056,18.426962060825808,17.568496804029685,14.324060842813983,10.395579933224509,17.005076200827045,19.642857142857142,99.61103253182462,26.517857142857142,0.0,76.27691461508392,54.11327658701013,0.0,Medium,2.0
Oahu: : BkGp#363: CPs=63,363,40.25401201876728,63,27.324777021919854,100.0,0.0,61.47434999653771,37.26164616751754,36.83924450482866,10.459339949911003,14.91598482257849,99.9423305408791,26.296538710947047,12.698412698412698,65.5036932264655,42.95238095238095,9.952380952380953,45.136363992778605,53.30674876273837,1.0,High,1.0
BI: : BkGp#370: CPs=35,370,26.939793712988443,35,41.46289795918367,0.0,0.0,9.168765479487414,1.4758247131278925,28.987840420347162,9.23122843694056,3.431622259255185,7.083979778732395,14.455589522869818,0.0,43.14002828854315,40.542857142857144,100.0,47.846509430838,84.20955597563267,1.0,Medium,2.0
BI: : BkGp#372: CPs=496,372,21.78188525241798,496,31.0507738095236,0.5987903225806451,0.0,30.96362151680306,1.6622180463782008,10.173281015396089,3.161970790636397,78.78098791022552,50.15475893499572,23.68642753558814,0.0,2.788645800063871,63.538306451612904,10.3125,15.225923141160411,26.41195876372301,1.0,Low,3.0
BI: : BkGp#373: CPs=55,373,17.42392678865671,55,40.57259740259739,0.0,0.0,5.834608533950183,2.6494826773022497,9.358138210384277,3.7224991352732526,48.640796759854375,17.921602897273225,7.479266878197177,0.0,3.6183618361836185,61.2,4.8,15.745383019752557,57.240091267739054,1.0,Low,3.0
BI: : BkGp#374: CPs=469,374,25.577885118307947,469,33.00181642806373,1.488272921108742,28.038379530916846,6.86105204096059,5.0262920249369545,33.49449871399378,25.45027374953552,3.956040978975272,7.21068833754188,60.96268241339397,0.0,13.681943887352478,21.390191897654585,65.59061833688699,46.76510640644578,56.32830422516013,0.2942430703624733,Medium,2.0
BI: : BkGp#375: CPs=45,375,38.369288443422676,45,42.54838095238093,3.6666666666666665,0.0,47.780251007910245,3.2042963455079314,37.51194718582688,8.330931896186025,12.222215623043699,50.29972502295315,21.653640181863047,0.0,52.3872387238724,100.0,100.0,54.112813490470174,80.19050799808142,1.0,High,1.0
BI: : BkGp#376: CPs=227,376,28.959233173923533,227,20.06250052443882,0.0,0.0,3.572598167525875,22.609801136888336,20.10664917698811,7.277526484538714,2.2188958408330417,1.9506498118846458,28.98429427590336,87.22466960352423,5.9405940594059246,33.0,66.0,99.82845491419852,64.57109678664634,0.0,Medium,2.0
Oahu: : BkGp#378: CPs=25,378,27.984460080452642,25,13.803999999999991,29.24,4.0,35.62307557336679,25.15764747930473,45.40299985134571,26.396726119633264,10.339661503869165,80.90104442057407,13.456190780588866,0.0,22.77227722772278,33.0,33.0,42.35024991710305,32.30748841373383,0.0,Medium,2.0
Oahu: : BkGp#385: CPs=87,385,35.180627367238166,87,22.23081554460862,32.827586206896555,0.0,22.138165131149783,25.712738229605925,37.01303834133801,18.93970541934546,15.474701359748547,87.17224000947624,48.02529591546655,0.0,3.8010697621486287,66.0,33.0,65.96793978290654,84.58674217311986,1.0,High,1.0
Oahu: : BkGp#388: CPs=23,388,36.08292818939923,23,35.78395031055901,73.82608695652173,0.0,46.57634126109613,12.738954060587176,43.060103406065664,3.900545049253218,7.047895772493178,91.70205317476994,10.808715131893603,100.0,9.427464485578996,33.0,33.0,58.76511809022782,17.689623331341167,0.0,High,1.0
Oahu: : BkGp#399: CPs=156,399,37.35482401182023,156,22.902199328449345,72.1474358974359,0.0,65.39215814392311,26.96395701051801,31.86602320121792,7.029276113679987,19.306104464839773,89.03170232169835,17.304150677542285,53.205128205128204,54.41101802487942,40.40384615384615,52.916666666666664,16.402157547534614,28.395360431763876,0.16666666666666666,High,1.0
Oahu: : BkGp#408: CPs=151,408,39.053240869951225,151,23.76747240618102,81.44370860927152,29.47019867549669,66.79799371762903,39.93041470376645,19.22527025793506,30.491848281129343,32.84757679501524,93.31563737293669,15.897484614745832,0.0,31.25696675627827,53.17218543046358,8.741721854304636,76.65525746253988,21.838116981526372,0.0,High,1.0
BI: : BkGp#420: CPs=35,420,16.464149718554502,35,20.252782312925167,0.0,10.0,20.901595379196902,20.96572884710295,14.927424304614403,16.154393373937655,7.67531301499528,4.779294377902367,4.05368384799287,0.0,19.858557284299856,63.22857142857143,22.62857142857143,24.864468137772644,13.136011758989095,0.0,Low,3.0
BI: : BkGp#421: CPs=222,421,27.973053242667802,222,31.920298155298273,0.0,5.8558558558558556,5.991341248356062,9.16895050610546,31.8116137656638,18.096084673066635,3.03281959418652,5.125852205411672,81.93635922818504,0.0,22.81687628222276,29.72972972972973,66.0,45.34021484225879,90.74285579634454,0.5990990990990991,Medium,2.0
BI: : BkGp#422: CPs=109,422,36.63211457645475,109,27.320366972477053,51.357798165137616,0.0,61.261214676253694,12.63994611072538,83.36771999064116,3.6826583593010738,2.9951737569414414,69.43126045625077,8.30758423172493,19.26605504587156,31.710418748296814,49.34862385321101,62.06422018348624,89.76063957425706,13.600153098700202,0.45871559633027525,High,1.0
BI: : BkGp#423: CPs=36,423,35.248780244571876,36,42.48369047619047,0.0,0.0,30.30787414651135,2.430573875128841,34.66129698251307,11.778647810749133,23.489791588354016,23.318797973289463,20.30524507382985,0.0,41.5841584158416,100.0,81.11111111111111,53.17170289047079,99.33759356916045,1.0,High,1.0
BI: : BkGp#425: CPs=376,425,29.563595249592023,376,22.071245567375964,0.0,0.0,5.73499380623032,13.368615703559232,66.4776598735157,9.240318832793388,2.109512660111244,5.236756288640254,75.84502966836587,25.26595744680851,21.747946071203007,57.662234042553195,66.0,89.91720593651071,12.340048095805452,0.0,Medium,2.0
BI: : BkGp#426: CPs=263,426,30.592568857652484,263,21.21537117508607,0.0,0.0,7.102005581760713,28.218407809893428,76.6127030653628,6.448075444350004,1.948626571499285,7.530044829595285,80.50773411014303,0.0,11.260023340737076,65.49809885931559,66.0,86.26792123295023,30.872089701746383,0.0,Medium,2.0
BI: : BkGp#427: CPs=256,427,19.335809940342408,256,28.20549107142861,0.0,1.5625,2.24491884875529,2.2273964652999574,7.078101710570696,11.01034389685387,2.918740301502218,3.8847104993375114,75.09205487171126,0.0,1.4851485148514856,3.09375,96.28125,19.318947570306275,54.96960529486168,0.0,Low,3.0
BI: : BkGp#428: CPs=631,428,23.41439844268016,631,27.790681835332975,0.0,1.1885895404120443,7.816610067257277,2.5541738108831638,37.893933796777254,11.649881426602363,2.8535874118289213,9.020892915330377,63.44002573935335,0.0,14.619259073292593,26.933438985736924,66.0,48.27677468315465,54.592525796920626,0.8351822503961965,Low,3.0
BI: : BkGp#429: CPs=371,429,28.987228245765575,371,21.181446540880653,0.0,0.0,5.856112047218467,24.55297793413445,72.7814860803524,9.369790231882737,1.8751676822827188,5.9901266964495195,81.323148147239,0.0,13.559819593819196,66.0,66.0,86.538345698692,8.767231279299162,0.0,Medium,2.0
BI: : BkGp#430: CPs=24,430,24.245451113579424,24,43.6282738095238,0.0,12.5,13.294725948759423,1.4676455392450063,23.746284275969234,14.170407171916997,2.8378403810957553,4.92744449642361,6.610606492200115,0.0,4.785478547854784,69.16666666666667,100.0,53.54355877734363,37.24828571027181,0.7083333333333334,Low,3.0
BI: : BkGp#431: CPs=108,431,23.183588849382854,108,28.448436948853587,6.481481481481482,0.0,22.955734393270955,1.2237118038083277,44.62344622191045,8.103916140028984,2.8243596254512737,32.001708641886246,17.033403820841855,0.0,33.764209754308766,36.666666666666664,71.66666666666667,49.197034445539536,15.946644979410829,1.0,Low,3.0
BI: : BkGp#432: CPs=317,432,26.211816447217643,317,24.39403409944427,0.0,8.990536277602523,30.06176073581384,24.959832945525875,63.355607417938806,9.534581467405177,22.21192182681604,17.46714195745634,12.406349152137727,0.0,2.5111659430927227,58.37223974763407,53.927444794952685,82.22388663828778,8.97256015137479,0.0,Medium,2.0
Oahu: : BkGp#439: CPs=24,439,28.550615900320693,24,23.105486111111105,0.0,100.0,9.515067491298318,37.89202491913767,18.715448240398352,16.448703624944248,10.983231631762012,6.893980862698427,16.203050082331313,0.0,41.54290429042904,0.0,0.0,100.0,75.50995715102057,0.0,Medium,2.0
Oahu: : BkGp#460: CPs=280,460,31.50292416075996,280,16.789582142857114,11.732142857142858,0.0,38.211994763116465,26.603538998986664,24.008971791205862,4.247239429973128,3.984651956779191,32.65489329465265,28.821946922458775,17.142857142857142,83.74823196605396,99.51428571428572,68.32142857142857,9.972785697826371,38.2922353225352,0.0,Medium,2.0
Oahu: : BkGp#461: CPs=248,461,43.981624159919,248,20.175519393241146,57.395161290322584,0.4032258064516129,69.55847399723864,28.093351019337664,25.32479000948988,10.466979154691803,4.368145046502596,84.95136570462375,40.33287951026274,64.51612903225806,66.42047269243044,94.51612903225806,66.66532258064517,11.110911894661458,59.40713039428814,0.0,High,1.0
Oahu: : BkGp#462: CPs=42,462,28.068893756082872,42,26.882318594104316,65.04761904761905,20.238095238095237,59.02822881583808,41.00968336376389,27.84614880150647,23.5086042992234,11.615543297078533,80.25954303709945,11.587417121935815,0.0,10.32531824611032,26.714285714285715,22.0,12.249199205650742,10.790295315014944,0.0,Medium,2.0
Oahu: : BkGp#467: CPs=40,467,32.717659084078626,40,15.721666666666668,81.625,0.0,22.61650756411491,40.585098561697386,37.2841226979604,13.082274092850364,14.01737196943807,95.85925096571728,21.79492413151579,0.0,48.81188118811881,37.125,4.125,61.256232029200966,29.57821547797738,0.9,High,1.0
Oahu: : BkGp#498: CPs=43,498,48.87296747236216,43,28.188842746400883,100.0,0.0,62.285359023334706,46.91785879969658,36.39154086279339,10.478612200056393,21.81408157752851,100.0,26.05575407050515,81.3953488372093,83.2373935067926,64.46511627906976,31.46511627906977,22.038792729419818,67.23366264591787,1.0,High,1.0
Oahu: : BkGp#556: CPs=148,556,25.476104076197146,148,17.42307110682109,5.851351351351352,0.0,23.017386498539935,35.50321261494506,16.10462776067638,17.305390008288715,22.399434915172073,44.10952826819612,18.874986927898856,0.0,19.935777361519932,45.04054054054054,0.0,100.0,42.05235786520429,0.9594594594594594,Low,3.0
Oahu: : BkGp#559: CPs=24,559,31.918366483228166,24,26.338331349206353,58.333333333333336,4.166666666666667,71.38768422679223,14.831098720441082,35.32266858182819,10.322013963431928,4.425966248746442,85.51068550251286,9.399107654946642,25.0,47.44224422442246,28.875,12.375,53.36214116881508,23.60192209050739,0.875,High,1.0
Oahu: : BkGp#563: CPs=80,563,23.846439815499025,80,26.919358928571405,14.125,0.0,12.286452471560331,35.46711410054358,45.10106936352378,8.611962950043875,13.932900416139793,69.8259173197633,11.901322582446374,22.5,16.163366336633658,7.425,25.575,49.785634036002456,21.922938542755926,0.0,Low,3.0
Oahu: : BkGp#576: CPs=95,576,33.15392936562197,95,22.077929824561398,43.49473684210526,0.0,60.20042447752279,41.02320596626755,19.001100068343526,9.110546492913626,42.35843513250213,77.74783545762789,20.32611822098625,0.0,12.704533611255862,42.03157894736842,1.3894736842105264,100.0,38.996951124286,0.9157894736842105,High,1.0
Oahu: : BkGp#592: CPs=77,592,22.47842641059131,77,18.187922077922067,3.4415584415584415,8.441558441558442,12.735273387983893,44.40141968726296,23.487469506581466,19.474417171620733,11.784078752574247,46.47522127027298,10.874719492975892,50.64935064935065,33.29047190433327,6.428571428571429,0.0,55.636458039565674,14.346332317328782,1.0,Low,3.0
Oahu: : BkGp#595: CPs=51,595,24.391993858327584,51,16.665849673202604,0.0,0.9803921568627451,16.101960551891835,45.00036500992357,17.123290096207562,27.378752178131194,4.99297494303361,24.91748195878656,17.22003272731625,0.0,7.8625509609784485,33.0,33.0,100.0,46.028251476906895,0.0196078431372549,Low,3.0
Oahu: : BkGp#608: CPs=45,608,19.48608221257597,45,19.00796296296296,9.6,0.0,11.485797709060536,55.742891349223164,24.44572734331565,12.767852790042,22.135703118734618,57.99892295161345,10.74750276298272,0.0,16.215621562156226,0.0,0.0,55.948958351435024,15.680374499689245,0.9111111111111111,Low,3.0
Oahu: : BkGp#618: CPs=47,618,40.44658411824463,47,26.483834853090173,87.23404255319149,0.0,61.18215285359311,26.38516340635343,19.91665570524965,22.672105341389354,29.469987229998807,96.18397107622181,44.66158254733027,0.0,25.763640193806623,92.7872340425532,23.872340425531913,24.736403101572105,65.79623256203237,0.0,High,1.0
BI: : BkGp#652: CPs=24,652,23.935881471996,24,23.56687500000001,4.166666666666667,0.0,50.86368721671397,27.285699387589933,8.675863242894481,7.837622924031648,8.931392414727751,29.395504002954855,5.532386156632864,20.833333333333332,11.92244224422442,66.0,17.875,34.56016795305947,65.52746300910668,0.0,Low,3.0
BI: : BkGp#654: CPs=137,654,21.733270339314405,137,34.32023288147378,0.0,0.0,7.2588931002402175,17.400411599958737,8.083619857229346,16.71018260903335,9.49632184780144,11.886796108161969,29.182131653698768,0.0,89.5497578954976,0.7226277372262774,0.0,61.126098204823556,61.99525193388557,1.0,Low,3.0
Kauai: : BkGp#697: CPs=21,697,24.89293984490328,21,27.138843537414964,38.04761904761905,0.0,39.466500213084906,28.58321422695415,43.85232901607158,8.196164918357201,15.030966531990321,58.35546777316292,4.427608569719122,9.523809523809524,16.360207449316356,36.142857142857146,22.0,47.15471245835314,4.0067371097420805,0.0,Low,3.0
Kauai: : BkGp#698: CPs=32,698,23.910407394888296,32,25.170662202380953,40.625,0.0,48.95403388833291,36.50329607020995,26.825647227541268,12.116883334659837,5.178172747053706,71.04229178667741,10.356492938452568,0.0,31.126237623762364,40.21875,2.0625,20.997938993538376,11.388611505603443,0.0,Low,3.0
Kauai: : BkGp#699: CPs=46,699,35.026752169684535,46,31.55287784679091,72.43478260869566,0.0,84.44234821974426,26.502120832583792,29.953742689217982,5.964544372561508,6.4017779050345505,93.42446127436646,12.418771292696723,0.0,65.92767972449424,64.56521739130434,0.0,42.416144824881506,24.423565732580677,1.0,High,1.0
Kauai: : BkGp#701: CPs=170,701,21.481284788241233,170,23.11076750700279,0.0,0.0,17.22294390391425,23.581976099495765,18.92676313877898,8.985927312802028,24.37066432830685,18.02859992465426,44.143612106246884,0.0,14.39720442632497,55.71176470588235,11.452941176470588,8.044527462829741,75.72286451915035,0.0,Low,3.0
Kauai: : BkGp#702: CPs=29,702,39.997316107498534,29,33.221666666666685,100.0,0.0,78.2933002819228,21.26561467226966,28.342005964258572,13.490704777098353,23.8698756896375,100.0,19.255657532577644,0.0,46.227381358825546,66.0,0.0,31.16041020942277,78.83044056729709,1.0,High,1.0
Kauai: : BkGp#704: CPs=172,704,30.215551241648527,172,23.505405592469536,1.930232558139535,31.976744186046513,15.566205227067833,32.58290348860495,25.334138035686234,16.029716494299564,40.6242649629825,36.09186074274252,30.159389756389405,0.0,65.85885332719316,66.0,0.0,30.435482398060184,67.35362309669439,0.03488372093023256,Medium,2.0
Kauai: : BkGp#705: CPs=96,705,30.655951008602475,96,23.243020833333322,0.34375,0.0,22.944863080191954,35.13381696484388,27.610376192973835,18.18382773528603,29.25332173800435,44.52616462542577,60.73541218185704,0.0,40.233085808580825,66.0,0.0,22.34059766226468,99.94697931487785,0.010416666666666666,Medium,2.0
Kauai: : BkGp#706: CPs=116,706,27.514143225295168,116,24.464977422003276,10.612068965517242,21.551724137931036,14.634437322756217,26.120969680965963,25.05709139650153,11.112598115892105,30.932761059081187,37.89937733477989,25.101894281361552,0.0,44.97268692386479,66.0,0.0,20.549796398105013,81.215908565963,0.9827586206896551,Medium,2.0
Kauai: : BkGp#710: CPs=77,710,41.761249609980986,77,27.72166666666664,100.0,0.0,67.59627542246547,25.19131900952525,53.94189384621494,11.79197813154784,14.791153918127394,100.0,32.301996507105414,0.0,9.399511379709391,100.0,0.0,51.40611784070543,74.03808103762798,0.0,High,1.0
Kauai: : BkGp#711: CPs=72,711,41.72430501900054,72,27.721666666666632,100.0,0.0,65.9620706687237,12.325200783873198,54.50020492437771,16.759550227110655,10.268134535051816,100.0,53.5069978368474,0.0,14.686468646864704,100.0,0.0,47.04385305155293,64.81473296294,0.0,High,1.0
Kauai: : BkGp#712: CPs=105,712,38.913854788371275,105,27.181619047619055,52.333333333333336,0.0,45.91933187301827,23.77195224556346,55.35040441762346,17.620268267434327,12.332238587136594,90.65253835842114,43.50274086574021,8.571428571428571,18.104667609618094,100.0,0.0,34.85412917914627,92.4270242578576,0.0,High,1.0
Kauai: : BkGp#714: CPs=72,714,28.763805201840185,72,23.8767328042328,4.166666666666667,2.7777777777777777,19.21652941801202,35.31152895279061,25.45396653335746,28.557842657101023,5.189543625463724,37.28011381291877,24.35786667946832,0.0,86.52365236523652,66.0,0.0,21.471790348210035,80.03687158820725,0.0,Medium,2.0
Kauai: : BkGp#716: CPs=27,716,26.787933012311814,27,23.245802469135796,3.7037037037037037,0.0,25.94908319724001,32.75290265895634,26.53458655054322,14.078973898280587,5.120171950268071,41.7536912194942,17.132550645370667,0.0,97.35973597359735,66.0,0.0,21.471790348209996,53.50393558218905,0.0,Medium,2.0
Kauai: : BkGp#718: CPs=55,718,31.30705294706093,55,30.357285714285698,78.18181818181819,0.0,66.24020020604073,32.02387113063709,25.062406164024832,8.496627723316388,7.169606579824271,88.97098560041691,34.443565246824306,0.0,26.066606660666068,66.0,0.0,21.47179034821001,16.428083596910483,0.0,Medium,2.0
Kauai: : BkGp#722: CPs=418,722,25.016565547797846,418,23.50326498063348,12.669856459330143,3.4688995215311005,31.895796571107155,33.67437634576595,23.25221514657431,20.21954517312396,43.87149884504582,42.599104949049476,16.26157760491912,4.30622009569378,32.95987493486197,61.578947368421055,17.605263157894736,18.948264578866635,13.728431864822618,0.3588516746411483,Low,3.0
Kauai: : BkGp#723: CPs=186,723,28.236703128055197,186,25.39409161490683,26.521505376344088,1.075268817204301,41.49420024782396,22.59824387355791,27.56949831546413,19.857071017237498,12.825297114567327,54.29886694273324,42.71719747463399,27.419354838709676,8.186947727030764,66.0,22.35483870967742,13.572020155290279,41.303744780137194,0.0,Medium,2.0
Kauai: : BkGp#724: CPs=62,724,39.43284911296906,62,22.912526881720417,47.306451612903224,0.0,36.57254131229023,23.760389343332676,25.383614873203587,21.201609418887013,17.667480243679158,83.46896212763151,29.956057243745068,12.903225806451612,95.00159693388694,66.0,33.0,29.214662764475733,86.57646724529778,1.0,High,1.0
Kauai: : BkGp#725: CPs=89,725,30.443662751720964,89,23.468871054039585,6.741573033707865,39.8876404494382,12.881113125505864,27.752635003336216,21.186868500350553,27.106868161240374,19.292582951225953,25.269573620071753,23.519157877950956,20.224719101123597,87.41795527867394,57.842696629213485,20.02247191011236,29.40537715649801,45.07850017504671,0.9887640449438202,Medium,2.0
Kauai: : BkGp#726: CPs=379,726,27.862696863508987,379,23.464065837416786,0.0,11.08179419525066,7.751094957746314,40.09600564780809,19.419426504722196,12.413704700606502,29.381676412457807,30.970422064484172,21.28807927963341,26.649076517150394,81.849055617963,61.99472295514512,14.453825857519789,34.47264269103642,30.517556577203667,0.9815303430079155,Medium,2.0
Kauai: : BkGp#727: CPs=57,727,38.05138742415587,57,22.6411111111111,1.7543859649122806,0.0,25.1146944639443,26.141136834310927,24.255244508701693,33.15915123104281,23.003853489704866,57.78112402759326,31.425330747932524,54.3859649122807,83.56783046725725,66.0,33.0,30.151070671212338,96.4413003564897,1.0,High,1.0
Kauai: : BkGp#728: CPs=206,728,16.983316866716144,206,19.799030282015703,0.4854368932038835,0.0,16.334233499319183,29.896686519735024,25.924044324835286,8.963643379098986,21.955434016856774,13.48186518320569,62.52813944419816,0.0,1.9753917139286727,4.325242718446602,0.0,38.35856368978298,27.70535820283129,0.9660194174757282,Low,3.0
Kauai: : BkGp#730: CPs=133,730,17.128819944187526,133,25.483850698173985,0.0,4.887218045112782,6.903532474508292,32.09223323175151,16.97698416822066,24.204474244496826,8.849841321044643,10.835678439214806,14.368370303748055,0.0,28.30343184694407,27.541353383458645,0.0,41.35204199067753,32.26210895964833,0.8947368421052632,Low,3.0
Kauai: : BkGp#731: CPs=129,731,16.656026896499466,129,21.981917681801388,0.0,0.0,7.291993084597559,23.84239850992426,19.502207077982877,19.378823248176268,9.938466169254525,8.041956026309713,30.890885129106607,0.0,1.7038913193644971,11.255813953488373,0.0,41.609273099181905,71.05880504480349,1.0,Low,3.0
Kauai: : BkGp#732: CPs=140,732,17.039465288317334,140,19.407583333333335,0.0,0.0,10.655169493442976,17.066498740620318,21.955653514250802,11.921062814761925,23.8299568052938,9.261350714388874,34.72400866223772,0.0,2.001414427157002,2.1214285714285714,0.0,39.30757425287213,80.37974328328981,1.0,Low,3.0
Kauai: : BkGp#733: CPs=84,733,19.877267971403178,84,19.62196428571428,0.0,0.0,8.520565482678974,12.260755881178179,21.443595175429852,11.970915128239183,12.305772319451613,8.203383257782288,55.587308015177214,0.0,1.2494106553512476,24.357142857142858,0.0,46.42791706508925,96.0875574192157,1.0,Low,3.0
Kauai: : BkGp#734: CPs=172,734,49.28327376716577,172,33.573410852713124,100.0,0.0,66.92137265643223,34.45355411826629,15.509653472011815,15.81825816441635,20.976213827959665,100.0,47.29505318147526,77.90697674418605,96.04536034998846,100.0,0.0,22.01754930285661,58.01497760434643,1.0,High,1.0
Kauai: : BkGp#736: CPs=830,736,19.411006996249867,830,23.110699907982628,5.7,6.144578313253012,26.942087523183368,32.06143767245609,18.227668740820665,9.892670481404224,38.287869071865394,23.70005920435181,17.149751895960502,0.4819277108433735,19.135154479303374,57.89397590361446,10.019277108433736,11.492351296931039,10.307851047416415,0.0,Low,3.0
Kauai: : BkGp#737: CPs=165,737,39.15434411382197,165,30.766654545454525,84.22424242424242,0.0,66.08755776267009,35.66171791304527,14.160226483141997,21.2123807939404,23.431980307146137,93.82313720430547,22.421576453275257,7.878787878787879,58.47584758475846,96.2909090909091,30.0,10.162714134237428,31.871773245236888,0.06666666666666667,High,1.0
Kauai: : BkGp#739: CPs=23,739,17.674119670788745,23,23.383933747412,13.043478260869565,0.0,15.479498370074838,46.03031329552997,22.399229587912295,18.100885771401728,9.602414853968297,42.09420919570221,4.6012692460564395,0.0,25.053809728798974,25.82608695652174,7.173913043478261,23.189609250251387,6.807263424642233,0.043478260869565216,Low,3.0
Kauai: : BkGp#740: CPs=267,740,37.390430703421714,267,23.112456572141955,7.599250936329588,17.415730337078653,6.697059179713292,39.926713638116,17.704141642731148,7.889182805379666,27.692702697045,50.658652864107985,41.47919356072881,98.87640449438203,71.1350910371938,61.17977528089887,28.179775280898877,31.42446221737837,67.2762987106234,1.0,High,1.0
Kauai: : BkGp#741: CPs=56,741,33.05929822163185,56,25.155416666666667,16.071428571428573,4.464285714285714,17.291807147153694,36.485462396100814,21.054222311613405,11.876092148842826,16.688475206564153,36.159911399312975,15.969347189142557,100.0,83.94625176803397,37.714285714285715,4.714285714285714,33.13595471628608,68.22154488210677,1.0,High,1.0
Kauai: : BkGp#742: CPs=73,742,30.84446939500777,73,26.126340508806265,25.095890410958905,0.684931506849315,37.16817578487975,15.763141154770288,28.561623900177594,21.417254778057323,20.71660529167162,61.43314446355773,33.93995419198424,0.0,50.71205750712052,66.0,0.0,22.32693617395357,83.56545464733725,0.136986301369863,Medium,2.0
Kauai: : BkGp#743: CPs=34,743,30.423247200378487,34,31.163452380952375,0.9705882352941176,0.0,23.86511795839119,10.168719674802283,29.981509284897452,9.385748653363038,4.685299938713947,49.41136802113297,9.52158301474007,79.41176470588235,93.53523587652883,89.17647058823529,2.911764705882353,27.59567228435023,24.98765988288922,0.9117647058823529,Medium,2.0
Kauai: : BkGp#744: CPs=71,744,35.35704469426528,71,33.64031857813551,30.464788732394368,0.0,72.65641879344189,14.263465344977357,32.95165666360376,6.256608855997491,3.932523219646948,74.14276014888671,32.465378865564546,33.80281690140845,97.3225491563241,97.15492957746478,0.4647887323943662,23.970269981192732,12.223441556811364,0.8873239436619719,High,1.0
Kauai: : BkGp#745: CPs=101,745,29.43477275132522,101,28.840667138142432,0.0,14.851485148514852,12.080898100064722,33.657342286464306,23.08692648801528,21.482268644756463,5.271785211097862,26.866752890740308,28.05243134855315,0.0,87.99137339476518,76.0990099009901,0.0,41.0194314518859,71.6559920172131,0.9900990099009901,Medium,2.0
Kauai: : BkGp#746: CPs=72,746,23.45835706012547,72,25.882248677248672,0.0,0.0,12.683120393189535,28.342255013920344,21.924197635577855,17.755161074814044,11.47318008009025,18.342492885590943,25.795493858770026,0.0,66.77667766776678,45.375,0.0,40.68749854314794,60.29638713189123,1.0,Low,3.0
Kauai: : BkGp#747: CPs=232,747,22.064637071960636,232,23.10703099343185,0.0,1.0775862068965518,9.011187873496484,34.82086445908574,18.707431734029747,27.557882340022836,9.749292443695435,13.779050992638703,33.53662956058428,0.0,39.99658586548315,51.064655172413794,0.0,43.31703858332656,47.30895692626512,1.0,Low,3.0
Kauai: : BkGp#748: CPs=72,748,34.295394545189055,72,29.85824074074073,76.375,0.0,35.76705517280319,49.70757593932233,49.147197311019276,15.710575269077562,10.72948650056014,82.12660989639373,22.79630610770836,1.3888888888888888,16.680418041804177,71.15277777777777,2.75,37.83179370351944,49.528301735224964,0.0,High,1.0
Maui: : BkGp#749: CPs=96,749,29.140383408783435,96,30.829298115079354,0.0,0.0,55.92798868340602,11.294910840008326,18.40479581878238,18.377230219177484,8.391740207471038,,18.88001108496019,42.708333333333336,48.494224422442265,91.5,49.5,10.606223229362973,32.19099517772816,0.0,Medium,2.0
Maui: : BkGp#762: CPs=362,762,28.276018541455908,362,24.887908445145975,0.0,9.668508287292818,2.381946559098733,24.262013645198422,36.2447551394904,9.563895886120598,7.05584845185161,1.9315844547412189,34.38736363229555,20.165745856353592,67.7342596138066,32.6353591160221,41.20441988950276,100.0,40.29268768637371,1.0,Medium,2.0
Maui: : BkGp#763: CPs=113,763,31.162285096247537,113,29.532724399494327,0.0,0.0,2.6041111022499095,24.368868088798166,43.4701619844724,6.683055689692234,5.7450055956870605,1.8282568961636527,14.187103784658516,76.99115044247787,91.64111101375624,33.0,36.21238938053097,100.0,32.33262316197937,1.0,Medium,2.0
Maui: : BkGp#768: CPs=284,768,22.67034457290222,284,13.84171864520455,0.0,1.232394366197183,3.488301272090192,27.00773661087648,28.644553968853966,7.081052673008053,14.214585144919166,3.5836022282736475,52.944442736128416,7.394366197183099,29.525170826941785,24.866197183098592,61.0387323943662,42.02929252621043,45.833366393083715,1.0,Low,3.0
Maui: : BkGp#769: CPs=86,769,21.339220629383885,86,13.934321705426349,0.0,0.0,3.5369159094354763,10.735918446612947,21.3725944050963,22.738352390764856,7.558002884920361,3.320153565903304,29.80142418319188,12.790697674418604,18.800368408933906,24.558139534883722,66.0,19.77730908699065,86.50333187356372,1.0,Low,3.0
Maui: : BkGp#771: CPs=61,771,22.848549970521344,61,11.505546448087422,0.0,0.0,3.6758054351138414,11.721090088356982,31.640503123514442,5.9908194585795425,12.393646233664905,4.26714623414834,35.7396238955053,4.918032786885246,60.50965752312941,33.0,50.78688524590164,25.558919553729666,73.8691235017248,1.0,Low,3.0
Maui: : BkGp#772: CPs=161,772,23.245444733670432,161,11.743612836438915,0.0,0.0,3.549476517615566,8.278224602387207,29.571412600431408,6.510682738721407,13.8181235148085,3.6797063549343934,69.26955319942309,0.6211180124223602,73.69780456306506,32.38509316770186,12.403726708074535,25.682477153220145,80.71610376948233,1.0,Low,3.0
Maui: : BkGp#773: CPs=108,773,22.44401651256162,108,12.228093033509694,0.0,0.0,3.4654373887426853,14.983617152547467,31.734017696249403,6.301536411857223,18.845737866248097,3.8315450835316427,25.617855846564854,11.11111111111111,21.71800513384672,12.833333333333334,56.43518518518518,78.62774358803196,61.37104537022655,1.0,Low,3.0
Maui: : BkGp#781: CPs=35,781,39.1459177847505,35,23.636931972789117,12.314285714285715,0.0,60.663497200275096,13.39882281687319,64.60422259514448,9.402379097012915,9.20247174678079,62.74069556109476,25.80080521455211,0.0,27.015558698727006,66.0,66.0,92.77071984404196,92.78429409443088,0.0,High,1.0
Maui: : BkGp#790: CPs=260,790,19.01569960674497,260,17.312295787545782,0.0,7.5,27.227655982083302,34.739860923266804,13.185774382455074,10.915712010574463,41.34959744738497,11.792935246132302,10.144995890694288,6.923076923076923,18.39680121858339,63.66153846153846,20.18076923076923,10.696075367998823,10.2241048358158,0.3423076923076923,Low,3.0
Maui: : BkGp#791: CPs=322,791,23.013313770999005,322,22.68053682342501,0.0,32.142857142857146,6.491820213375368,30.745037945124167,16.663794862627167,15.778696846743903,9.505930861800117,5.24157356740004,18.908877665829753,35.09316770186335,74.23590185105469,23.981366459627328,51.037267080745345,10.544208261793111,15.161983051717572,1.0,Low,3.0
Maui: : BkGp#792: CPs=250,792,18.995464779998724,250,23.225694285714273,0.0,18.0,14.355535337038278,24.359610879177364,21.263991956888287,25.281614056869397,29.929241546899114,11.045664770762599,25.591747282787036,3.2,17.805940594059372,30.36,18.084,9.666653044393433,31.757742725390617,0.632,Low,3.0
Maui: : BkGp#793: CPs=126,793,18.399896415325216,126,23.558497732426297,0.0,0.0,14.966198357029239,32.50289877534197,19.92903199687197,24.478284997218942,32.86988261442309,12.071728022693884,28.782288198997005,0.0,6.199905704856194,33.0,0.0,9.677566081924377,56.36206016342029,1.0,Low,3.0
Maui: : BkGp#794: CPs=97,794,16.8005237105658,97,21.117636229749632,0.0,5.154639175257732,31.894582757458743,36.32419062196473,20.783310705567597,12.658700135239354,45.38038157460871,17.219178453301645,11.999408761672752,0.0,1.8475043380626721,42.18556701030928,0.0,9.180469262629588,13.062810343230417,0.5773195876288659,Low,3.0
Maui: : BkGp#797: CPs=164,797,16.175098712817643,164,15.745104529616716,0.0,9.75609756097561,28.302482716120096,35.42598059814579,15.99288813137948,5.972035359603479,34.7463402930671,12.148893597343156,16.729918198500968,0.0,1.9983095870562642,60.96951219512195,0.0,9.631493540111766,11.382523098039936,0.5365853658536586,Low,3.0
Maui: : BkGp#798: CPs=287,798,17.316516766893606,287,18.14595735855316,0.0,23.693379790940767,12.667743773477998,35.85435629300038,16.432532321052385,15.286883100034105,36.260797219291895,8.344576230596081,22.92796900658899,3.832752613240418,12.091627281194963,38.174216027874564,8.278745644599303,9.698107255948438,15.374624353904348,0.9965156794425087,Low,3.0
Maui: : BkGp#799: CPs=23,799,24.743077458945603,23,16.468737060041402,34.78260869565217,0.0,37.56987711124779,3.936212610447929,60.42399825863305,5.43863527047621,11.36050660876697,62.84770842459186,5.959148052717872,13.043478260869565,50.925527335342224,33.0,31.565217391304348,22.57070935133506,5.996874911703231,0.0,Low,3.0
Maui: : BkGp#800: CPs=449,800,28.487429038294852,449,22.85038604305873,0.0,2.6726057906458798,3.2409673680135564,18.90000248041218,44.889117258615755,10.723163866801347,9.638955091678541,2.605428497118362,16.687384084354292,39.198218262806236,78.66105096032975,33.44097995545657,50.12472160356347,100.0,22.16588334986282,0.8997772828507795,Medium,2.0
Maui: : BkGp#801: CPs=230,801,31.556339040622266,230,24.86329813664595,0.0,0.0,17.192224018252972,21.58098072764981,67.09807834238444,5.698758025923275,5.407627992449028,13.09321630118106,38.80041615868708,0.0,72.1050365906157,33.28695652173913,33.28695652173913,100.0,72.487875312689,0.0,High,1.0
Maui: : BkGp#805: CPs=28,805,39.16014052715567,28,32.02627551020409,58.214285714285715,0.0,75.97212260816494,7.690112449954249,68.50104634509073,12.012165625533472,2.857965929178481,80.63529263757776,5.564254728893679,25.0,74.40410707737438,33.0,55.392857142857146,91.7808118244036,4.830907802663966,0.0,High,1.0
Maui: : BkGp#806: CPs=81,806,19.68011543999702,81,16.953988830099938,0.0,12.345679012345679,5.88879315464884,34.302462010591185,22.903485973042272,25.933482352083388,6.637086056093563,5.59760324391144,10.478705136280242,0.0,79.81909302041313,7.7407407407407405,61.135802469135804,15.19758483781658,9.94734020274955,0.3950617283950617,Low,3.0
Maui: : BkGp#810: CPs=280,810,31.556097994692728,280,25.001309523809606,3.092857142857143,17.142857142857142,21.799658077249276,39.81612685611323,60.526099336085686,25.45428210904749,27.006876943537495,15.315989293066952,26.355318605444854,0.0,11.219943422913705,25.339285714285715,99.87857142857143,100.0,6.94839231924363,0.0,High,1.0
Maui: : BkGp#816: CPs=32,816,25.322732276765233,32,20.77119047619047,0.0,0.0,13.597627724261477,21.27867820815856,40.009500648445524,11.730431585086889,6.713726147115321,13.319136866162212,9.436287589545106,0.0,100.0,13.40625,75.875,76.54069583252318,2.485191350755058,0.0,Low,3.0
Maui: : BkGp#818: CPs=53,818,27.212009059323265,53,27.209973045822096,0.0,98.11320754716981,7.467700322610957,36.85456954305299,27.673276500647948,34.25177273415992,5.495608034938684,9.275050431622768,13.849485051297352,0.0,52.32579861759757,33.0,28.0188679245283,29.545997009608158,32.31083818611559,0.0,Medium,2.0
Maui: : BkGp#819: CPs=48,819,24.71338413551172,48,12.468353174603168,0.0,23.958333333333332,9.854936501064637,42.15870337667978,41.687888752286845,25.761434704577123,6.826230175456651,14.455364582660287,10.068347812160455,0.0,50.845709570957105,33.0,20.625,61.278076187628294,42.42576799677992,0.0,Low,3.0
Maui: : BkGp#824: CPs=65,824,21.77525439900901,65,17.440249084249082,3.076923076923077,2.3076923076923075,34.49003155775065,22.56727064669867,22.481435038378347,12.703322792817621,24.7685316575464,21.838722234613336,8.209347191355482,4.615384615384615,41.79741051028178,60.92307692307692,36.04615384615385,31.724794468463692,3.413724432758376,0.0,Low,3.0
Maui: : BkGp#827: CPs=21,827,26.771234457202965,21,25.353004535147388,0.0,19.047619047619047,33.9665577783757,20.740726896331605,34.39035230550786,8.772255652816844,5.016461084335359,28.87765777848133,14.753030070421145,0.0,100.0,33.0,33.0,65.30209100756677,6.1199951586444366,0.0,Medium,2.0
Maui: : BkGp#830: CPs=137,830,20.807021488703853,137,12.947791101842185,0.0,0.0,3.6909828645410823,20.178074681563608,25.009043843520306,11.080514784795811,8.545490953735685,3.649453342446681,30.9928256303316,7.299270072992701,13.7023921370239,27.45985401459854,66.4963503649635,19.596408919130525,82.26389110777536,1.0,Low,3.0
Maui: : BkGp#832: CPs=92,832,28.48657938292165,92,14.604420289855067,0.0,0.0,3.89253486230239,27.89509636048859,20.484142603682763,17.421038012779007,6.243689520827345,3.6095745806505466,31.351481205067106,80.43478260869566,59.244511407662536,0.0,84.84782608695652,16.759625824549488,88.99654676322938,1.0,Medium,2.0
Maui: : BkGp#834: CPs=176,834,19.968272247003064,176,16.652903138528128,2.4545454545454546,9.090909090909092,30.507036954587093,27.435713976967346,33.05729361588672,16.715669481889144,24.242155906929437,26.443038142129993,15.04370987104641,0.0,3.2121962196219624,41.8125,32.8125,18.1114345017188,21.900749597289412,0.0,Low,3.0
Maui: : BkGp#840: CPs=194,840,17.99423774307424,194,25.49947103583699,0.0,1.5463917525773196,35.48497773691257,26.775747427639367,14.50640029587227,16.732119965737432,25.697131334055307,,6.512098668698439,0.0,11.988363784832092,58.58762886597938,26.70618556701031,13.644855777124365,6.232193933837723,0.0,Low,3.0
Maui: : BkGp#843: CPs=151,843,27.77451537227882,151,26.56363923052659,0.0,0.0,3.7135679826385686,21.125153375407596,39.543002922130476,5.721256429847217,3.5407519970719306,1.8924101594422003,7.281570369240528,40.397350993377486,90.16457937184445,41.741721854304636,49.854304635761586,99.06531971535428,13.688537838616716,0.7152317880794702,Medium,2.0
Maui: : BkGp#844: CPs=155,844,21.02037985587848,155,19.55701689708141,0.0,1.935483870967742,3.1458481046918654,37.582180075354486,14.349917066440753,8.589088858664793,5.8541211782183495,2.177438393713076,11.934064978375243,9.03225806451613,55.76493133184288,11.92258064516129,61.47096774193548,78.83351046252136,14.176670024571056,0.967741935483871,Low,3.0
