<?xml version="1.0" encoding="UTF-8"?>
<metadata xml:lang="en"><Esri><CreaDate>20220312</CreaDate><CreaTime>04383600</CreaTime><ArcGISFormat>1.0</ArcGISFormat><SyncOnce>TRUE</SyncOnce><DataProperties><lineage><Process ToolSource="c:\program files\arcgis\pro\Resources\ArcToolbox\toolboxes\Data Management Tools.tbx\CopyFeatures" Date="20220312" Time="043836">CopyFeatures SEPTICS_MASTER_RiskFactors_v1 .\Outputs\OSDS_Dots\SEPTICS_MASTER_RiskFactors_v1_2.shp # # # #</Process></lineage></DataProperties></Esri></metadata>
